World Bank Commodity Price Data (The Pink Sheet),,,,,,,,,,,,,,,,,,,,,,,,,,,,,,,,,,,,,,,,,,,,,,,,,,,,,,,,,,,,,,,,,,,,,,,,,,,,,,,,,,,,,,
"annual prices, 1960 to present, nominal US dollars",,,,,,,,,,,,,,,,,,,,,,,,,,,,,,,,,,,,,,,,,,,,,,,,,,,,,,,,,,,,,,,,,,,,,,,,,,,,,,,,,,,,,,
(annual series are available in nominal and real dollars),,,,,,,,,,,,,,,,,,,,,,,,,,,,,,,,,,,,,,,,,,,,,,,,,,,,,,,,,,,,,,,,,,,,,,,,,,,,,,,,,,,,,,
"Updated on March 03, 2026",,,,,,,,,,,,,,,,,,,,,,,,,,,,,,,,,,,,,,,,,,,,,,,,,,,,,,,,,,,,,,,,,,,,,,,,,,,,,,,,,,,,,,
,,,,,,,,,,,,,,,,,,,,,,,,,,,,,,,,,,,,,,,,,,,,,,,,,,,,,,,,,,,,,,,,,,,,,,,,,,,,,,,,,,,,,,
,,,,,,,,,,,,,,,,,,,,,,,,,,,,,,,,,,,,,,,,,,,,,,,,,,,,,,,,,,,,,,,,,,,,,,,,,,,,,,,,,,,,,,
,"Crude oil, average","Crude oil, Brent","Crude oil, Dubai","Crude oil, WTI","Coal, Australian","Coal, South African","Natural gas, US","Natural gas, Europe","Liquefied natural gas, Japan",Natural gas index,Cocoa,"Coffee, Arabica","Coffee, Robusta","Tea, avg 3 auctions","Tea, Colombo","Tea, Kolkata","Tea, Mombasa",Coconut oil,Groundnuts,Fish meal,Groundnut oil,Palm oil,Palm kernel oil,Soybeans,Soybean oil,Soybean meal,Barley,Maize,Sorghum,"Rice, Thai 5% ","Rice, Thai 25% ","Rice, Thai A.1","Rice, Viet Namese 5%","Wheat, US SRW","Wheat, US HRW","Banana, Europe","Banana, US",Orange,Beef,Chicken,Lamb **,"Shrimps, Mexican","Sugar, EU","Sugar, US","Sugar, world","Tobacco, US import u.v.","Logs, Cameroon","Logs, Malaysian","Sawnwood, Cameroon","Sawnwood, Malaysian",Plywood,"Cotton, A Index","Rubber, TSR20 **","Rubber, RSS3",Phosphate rock,DAP,TSP,Urea ,Potassium chloride,Aluminum,"Iron ore, cfr spot",Copper,Lead,Tin,Nickel,Zinc,Gold,Platinum,Silver,,,,,,,,,,,,,,,,,
,($/bbl),($/bbl),($/bbl),($/bbl),($/mt),($/mt),($/mmbtu),($/mmbtu),($/mmbtu),(2010=100),($/kg),($/kg),($/kg),($/kg),($/kg),($/kg),($/kg),($/mt),($/mt),($/mt),($/mt),($/mt),($/mt),($/mt),($/mt),($/mt),($/mt),($/mt),($/mt),($/mt),($/mt),($/mt),($/mt),($/mt),($/mt),($/kg),($/kg),($/kg),($/kg),($/kg),($/kg),($/kg),($/kg),($/kg),($/kg),($/mt),($/cubic meter),($/cubic meter),($/cubic meter),($/cubic meter),(¢/sheet),($/kg),($/kg),($/kg),($/mt),($/mt),($/mt),($/mt),($/mt),($/mt),($/dmtu),($/mt),($/mt),($/mt),($/mt),($/mt),($/troy oz),($/troy oz),($/troy oz),,,,,,,,,,,,,,,,,
1960,1.6,1.6,1.6,…,…,…,0.14,0.40,…,…,0.59,0.92,0.70,1.03,0.93,1.12,1.04,312.00,…,…,327,224,…,92,224,81,20.2,44.5,36.6,107.3,…,…,…,…,58.0,…,0.14,0.13,0.74,0.30,…,1.61,0.12,0.13,0.07,1737,…,31.9,…,149.2,…,0.65,…,0.78,13.0,..,53.0,42.3,28.5,511,11.4,679,199,2197,1631,246,35,84,0.9,,,,,,,,,,,,,,,,,
1961,1.6,1.6,1.6,…,…,…,0.15,0.40,…,…,0.48,0.90,0.67,0.95,0.89,0.98,0.98,253.00,…,…,330,228,…,109,287,97,20.7,45.0,41.4,119.0,…,…,…,…,58.6,…,0.13,0.13,0.68,0.31,…,1.69,0.12,0.13,0.06,1563,…,33.1,…,152.0,…,0.67,…,0.60,13.0,..,52.0,42.3,30.0,511,11.0,633,177,2450,1711,214,35,84,0.9,,,,,,,,,,,,,,,,,
1962,1.5,1.5,1.5,…,…,…,0.16,0.40,…,…,0.46,0.83,0.68,0.97,0.86,1.10,0.95,251.00,…,…,274,216,…,101,227,89,22.7,48.7,44.7,134.9,…,…,…,…,64.3,…,0.13,0.11,0.71,0.32,…,2.25,0.13,0.13,0.06,1405,…,36.4,…,160.1,…,0.65,…,0.56,11.5,..,51.0,42.3,30.0,498,11.0,645,155,2471,1761,186,35,84,1.1,,,,,,,,,,,,,,,,,
1963,1.5,1.5,1.5,…,…,…,0.16,0.39,…,…,0.55,0.81,0.62,0.95,0.81,1.08,0.96,286.00,…,…,269,222,…,110,224,91,24.0,53.8,47.8,125.7,…,…,…,…,64.5,…,0.14,0.09,0.67,0.33,…,2.00,0.13,0.17,0.18,1344,…,35.5,…,157.8,…,0.65,…,0.52,11.5,..,52.0,42.3,30.0,499,11.0,646,175,2508,1742,212,35,81,1.3,,,,,,,,,,,,,,,,,
1964,1.5,1.5,1.5,…,…,…,0.15,0.38,…,…,0.51,1.01,0.79,0.93,0.82,1.04,0.92,296.00,…,…,315,239,…,111,233,89,25.1,54.6,48.2,120.1,…,…,…,…,67.5,…,0.17,0.08,0.84,0.34,…,1.81,0.13,0.14,0.13,1488,…,30.3,…,144.8,…,0.65,…,0.49,12.5,..,53.0,60.5,32.5,526,10.2,970,278,3413,1742,326,35,88,1.3,,,,,,,,,,,,,,,,,
1965,1.4,1.4,1.4,…,…,…,0.16,0.41,…,…,0.37,1.00,0.68,1.00,0.85,1.14,1.01,350.00,…,…,324,273,…,117,270,97,24.3,55.7,47.9,118.8,…,…,…,…,59.5,…,0.16,0.10,0.88,0.35,…,1.99,0.12,0.14,0.04,1265,…,35.0,…,156.7,…,0.64,…,0.50,14.0,..,54.0,65.8,29.5,540,10.7,1293,317,3891,1735,311,35,98,1.3,,,,,,,,,,,,,,,,,
1966,1.4,1.4,1.4,…,…,…,0.16,0.42,…,…,0.52,0.93,0.74,0.87,0.76,0.95,0.91,324.00,…,…,296,236,…,126,262,107,25.9,58.3,48.6,145.2,…,…,…,…,63.0,…,0.15,0.08,1.02,0.36,…,2.31,0.13,0.14,0.04,1581,…,36.8,…,161.1,…,0.62,…,0.47,13.0,..,50.0,59.3,27.5,540,9.5,1532,261,3574,1739,281,35,100,1.3,,,,,,,,,,,,,,,,,
1967,1.3,1.3,1.3,…,…,…,0.16,0.46,…,…,0.60,0.86,0.74,0.84,0.72,0.80,0.99,326.00,…,…,283,223,…,115,217,99,26.3,54.1,51.9,189.4,…,…,…,…,65.7,…,0.16,0.16,1.04,0.37,…,2.29,0.13,0.15,0.04,1299,…,39.3,…,166.9,…,0.68,…,0.39,12.0,68.5,45.0,49.3,25.5,540,8.9,1135,228,3308,1936,273,35,110,1.5,,,,,,,,,,,,,,,,,
1968,1.3,1.3,1.3,…,…,…,0.16,0.45,…,…,0.72,0.87,0.75,0.75,0.68,0.73,0.84,399.00,…,…,271,169,…,111,178,96,25.2,48.0,52.6,182.9,…,…,…,…,62.8,…,0.15,0.17,1.09,0.38,…,2.58,0.11,0.15,0.04,1204,…,40.0,…,168.5,…,0.68,…,0.38,11.5,60.5,37.5,35.5,24.0,553,8.8,1242,240,3127,2075,263,39,117,2.1,,,,,,,,,,,,,,,,,
1969,1.3,1.3,1.3,…,…,…,0.17,0.45,…,…,0.90,0.88,0.73,0.73,0.60,0.86,0.72,361.00,…,…,332,181,…,107,197,95,25.6,52.3,53.8,168.4,…,…,…,…,58.4,…,0.16,0.17,1.22,0.40,…,2.87,0.11,0.16,0.07,1112,…,38.9,…,165.9,…,0.63,…,0.50,11.3,58.0,39.3,26.6,22.0,588,9.8,1467,290,3427,2363,286,41,124,1.8,,,,,,,,,,,,,,,,,
1970,1.2,1.2,1.2,…,7.8,…,0.17,0.45,…,…,0.68,1.15,0.91,0.84,0.63,0.99,0.89,397.00,…,…,379,260,…,117,286,103,26.4,58.4,51.8,126.3,…,…,…,…,54.9,…,0.17,0.17,1.30,0.42,…,2.73,0.11,0.17,0.08,1076,43.0,43.1,175.0,175.4,…,0.68,…,0.41,11.0,54.0,42.5,18.3,31.5,614,9.8,1416,303,3673,2846,296,36,133,1.8,,,,,,,,,,,,,,,,,
1971,1.7,1.7,1.7,…,8.7,…,0.18,0.50,…,…,0.54,0.99,0.93,0.85,0.68,0.97,0.90,366.00,…,…,441,261,…,126,304,102,28.4,58.4,55.8,111.5,…,…,…,…,61.7,…,0.14,0.15,1.35,0.44,0.80,3.31,0.11,0.17,0.10,1043,44.4,43.3,…,175.7,…,0.78,…,0.33,11.3,61.8,43.3,16.0,32.5,628,10.3,1081,254,3512,2932,309,41,123,1.5,,,,,,,,,,,,,,,,,
1972,1.8,1.8,1.8,…,9.6,…,0.19,0.54,…,…,0.64,1.11,1.00,0.78,0.70,0.84,0.81,234.00,…,…,426,217,…,140,241,130,30.1,55.8,56.2,129.4,…,…,…,…,69.8,…,0.14,0.15,1.48,0.47,1.07,4.12,0.15,0.19,0.16,1074,52.5,41.1,…,170.9,…,0.83,…,0.33,11.5,91.0,67.5,29.3,33.5,590,10.3,1058,302,3740,3080,378,58,127,1.7,,,,,,,,,,,,,,,,,
1973,2.8,2.8,2.8,…,11.5,…,0.21,0.69,…,…,1.13,1.37,1.10,0.79,0.66,0.87,0.84,513.00,…,…,546,378,…,290,436,302,51.0,97.8,93.4,289.6,…,…,…,…,139.8,…,0.15,0.16,2.01,0.53,1.39,5.00,0.15,0.23,0.21,1128,133.5,68.0,…,223.5,…,1.39,…,0.68,13.8,118.8,99.5,64.8,42.5,599,10.3,1785,430,4802,3373,845,97,152,2.6,,,,,,,,,,,,,,,,,
1974,11.0,11.0,11.0,…,16.9,…,0.29,1.73,…,…,1.56,1.45,1.29,1.09,0.89,1.25,1.14,998.00,…,…,1077,669,…,277,832,184,64.9,131.2,120.9,517.2,…,…,…,…,179.7,…,0.18,0.18,1.58,0.56,1.42,4.65,0.23,0.65,0.65,1482,120.4,81.7,…,246.8,…,1.46,…,0.75,54.5,332.6,303.6,285.8,60.5,765,13.4,2059,592,8184,3825,1240,159,185,4.7,,,,,,,,,,,,,,,,,
1975,10.4,10.4,10.4,…,26.8,…,0.43,1.68,…,…,1.25,1.44,1.35,1.14,0.88,1.45,1.10,394.00,…,…,858,434,…,220,563,155,59.0,119.6,111.9,341.4,…,…,…,…,149.1,…,0.22,0.23,1.33,0.58,1.48,5.89,0.34,0.50,0.45,1842,126.6,67.5,…,223.4,…,1.22,…,0.56,67.2,242.5,202.5,168.0,81.3,868,17.3,1235,412,6877,4571,745,161,170,4.4,,,,,,,,,,,,,,,,,
1976,11.6,11.6,11.6,…,27.2,…,0.58,1.74,…,…,2.05,3.15,2.81,1.19,0.93,1.42,1.22,419.00,…,…,713,407,…,231,438,200,55.8,112.4,105.2,234.7,…,…,…,…,132.9,…,0.26,0.22,1.58,0.61,1.57,8.31,0.30,0.29,0.25,2187,142.3,92.0,…,263.5,…,1.75,…,0.77,35.8,119.9,90.9,82.0,55.5,890,22.7,1401,446,7586,4973,711,125,160,4.4,,,,,,,,,,,,,,,,,
1977,12.6,12.6,12.6,…,28.7,…,0.79,1.79,2.77,20.0,3.79,5.17,4.93,1.95,1.70,2.07,2.10,578.00,…,…,853,530,…,280,580,230,47.9,95.4,88.4,252.2,…,…,…,…,103.2,…,0.27,0.25,1.51,0.65,1.70,7.91,0.31,0.24,0.18,2254,158.8,92.6,…,265.0,…,1.63,…,0.81,61.8,134.1,97.9,120.8,55.3,1144,23.1,1309,618,10804,5118,590,148,158,4.6,,,,,,,,,,,,,,,,,
1978,12.9,12.9,12.9,…,29.1,…,0.91,2.30,3.04,24.0,3.40,3.59,3.25,1.41,0.75,1.87,1.61,683.00,…,…,1079,600,…,268,607,213,55.0,100.7,93.8,345.7,…,…,…,…,127.7,…,0.29,0.30,2.14,0.70,2.19,8.07,0.35,0.31,0.17,2268,191.3,97.4,…,272.3,…,1.61,…,0.99,31.3,139.8,98.0,136.0,59.0,1325,21.5,1365,662,12875,4609,594,193,261,5.4,,,,,,,,,,,,,,,,,
1979,31.0,32.1,29.8,…,30.9,…,1.18,3.26,3.69,32.3,3.29,3.83,3.65,1.51,0.78,2.10,1.63,985.00,…,395,889,654,…,298,662,243,65.2,115.5,108.1,313.1,…,…,…,156.3,160.3,…,0.33,0.40,2.88,0.74,2.37,11.97,0.43,0.34,0.21,2344,211.5,170.0,…,365.9,262.5,1.71,…,1.26,35.5,193.3,146.2,153.0,76.5,1603,23.5,1985,1208,15447,5986,742,307,443,11.1,,,,,,,,,,,,,,,,,
1980,36.9,37.9,35.8,…,40.1,…,1.59,4.22,5.70,43.2,2.60,3.47,3.24,1.66,1.11,2.05,1.82,674.00,1237,504,859,584,…,296,598,262,78.2,125.3,128.9,410.7,…,…,…,168.3,172.7,…,0.38,0.40,2.76,0.76,2.88,10.14,0.49,0.66,0.63,2276,251.7,195.5,396.0,396.2,273.8,2.06,…,1.42,44.7,222.2,180.3,200.6,106.5,1775,28.1,2182,906,16775,6519,761,608,679,20.8,,,,,,,,,,,,,,,,,
1981,35.5,36.7,34.3,…,53.6,…,1.98,4.60,6.03,50.0,2.08,2.87,2.24,1.47,0.97,1.81,1.62,570.00,1257,467,1043,571,…,288,507,253,79.7,130.8,126.4,459.0,…,…,…,154.6,175.0,…,0.40,0.41,2.47,0.77,2.74,10.16,0.42,0.43,0.37,2322,212.8,154.6,…,349.4,244.7,1.87,…,1.12,49.0,177.6,161.3,182.5,110.2,1263,28.1,1742,727,14159,5953,846,460,447,10.5,,,,,,,,,,,,,,,,,
1982,32.6,33.4,31.8,32.8,54.8,…,2.47,4.45,6.05,55.2,1.74,3.09,2.42,1.54,1.14,1.85,1.64,464.00,828,353,585,445,…,245,447,219,63.7,109.3,108.5,272.5,…,…,…,132.6,160.4,…,0.37,0.38,2.39,0.76,2.38,13.28,0.40,0.44,0.19,2564,175.9,146.5,…,339.4,232.4,1.60,…,0.86,43.0,166.6,138.4,124.0,83.3,992,32.5,1480,546,12826,4837,745,376,328,7.9,,,,,,,,,,,,,,,,,
1983,29.7,29.8,28.7,30.4,38.2,…,2.59,4.05,5.55,54.5,2.12,2.91,2.73,2.10,1.86,2.52,1.91,730.00,965,453,711,501,…,282,527,238,70.9,136.0,128.8,256.8,…,…,…,137.3,157.4,…,0.43,0.37,2.44,0.77,1.93,13.21,0.39,0.49,0.19,2657,160.8,137.7,…,328.1,229.8,1.85,…,1.06,39.8,169.1,134.7,114.5,74.4,1438,29.0,1592,425,12988,4673,764,423,423,11.4,,,,,,,,,,,,,,,,,
1984,28.6,28.8,27.5,29.4,31.0,32.9,2.66,3.76,5.24,53.7,2.40,3.19,3.04,2.74,2.50,2.91,2.81,1155.00,837,373,1017,729,…,282,724,197,78.7,135.9,118.2,232.5,…,…,…,140.2,152.3,…,0.37,0.35,2.27,0.87,1.92,11.74,0.36,0.48,0.11,2786,175.6,156.8,…,351.6,227.0,1.78,…,0.96,33.1,175.6,131.3,150.2,84.1,1251,26.2,1377,443,12233,4752,922,360,358,8.1,,,,,,,,,,,,,,,,,
1985,27.2,27.3,26.5,27.8,33.8,34.9,2.51,3.65,5.23,51.4,2.25,3.23,2.65,1.75,1.46,2.20,1.59,590.00,676,280,905,501,…,224,572,157,58.8,112.2,103.0,196.9,…,…,…,128.7,135.8,…,0.38,0.40,2.15,0.84,1.84,10.49,0.35,0.45,0.09,2612,173.9,121.7,307.0,307.1,210.9,1.32,…,0.76,36.0,157.2,121.4,111.6,83.2,1041,26.6,1417,391,11539,4899,783,318,292,6.1,,,,,,,,,,,,,,,,,
1986,14.4,14.8,13.2,15.1,31.1,30.4,1.94,3.65,4.10,43.6,2.07,4.29,3.24,1.66,1.11,2.16,1.71,297.00,994,321,569,257,…,208,342,185,47.6,87.6,82.4,186.2,104.1,104.3,…,118.4,114.9,…,0.38,0.39,2.09,0.93,2.15,12.89,0.41,0.46,0.13,2659,221.6,138.6,…,329.3,273.7,1.06,…,0.81,36.0,138.2,121.2,70.8,73.0,1150,26.3,1374,406,6161,3881,754,368,465,5.4,,,,,,,,,,,,,,,,,
1987,18.1,18.3,16.9,19.2,27.5,26.5,1.66,2.59,3.35,34.8,1.99,2.50,2.25,1.65,1.35,2.29,1.31,442.00,759,383,500,343,…,216,334,203,55.0,75.7,72.8,214.6,191.0,153.9,…,112.1,112.9,…,0.39,0.46,2.39,0.91,2.16,11.44,0.47,0.48,0.15,2746,258.9,201.8,…,401.3,399.4,1.65,…,0.98,34.1,160.0,138.0,82.5,67.3,1565,25.3,1783,597,6665,4872,799,446,556,7.0,,,,,,,,,,,,,,,,,
1988,14.7,15.0,13.2,16.0,34.9,28.1,1.68,2.36,3.34,33.9,1.58,3.03,2.08,1.58,1.36,2.01,1.36,565.00,936,544,590,437,…,304,463,268,70.3,106.9,98.5,277.5,…,219.8,…,140.7,145.2,…,0.48,0.45,2.52,1.00,2.41,12.44,0.53,0.49,0.22,2468,271.3,200.9,…,402.3,358.8,1.40,…,1.18,31.6,180.2,158.4,113.5,86.8,2550,24.3,2602,656,7052,13778,1242,437,530,6.5,,,,,,,,,,,,,,,,,
1989,17.8,18.2,15.7,19.6,38.0,31.0,1.70,2.09,3.28,32.8,1.24,2.39,1.66,1.82,1.53,2.43,1.52,517.00,818,408,775,350,…,275,432,248,75.1,111.5,105.9,299.2,…,218.6,…,161.3,169.2,…,0.55,0.45,2.57,1.10,2.32,11.16,0.50,0.50,0.28,3168,273.8,190.6,…,485.3,350.3,1.67,…,0.97,31.0,155.3,144.0,103.0,98.3,1951,27.8,2848,673,8534,13308,1659,381,510,5.5,,,,,,,,,,,,,,,,,
1990,22.9,23.7,20.5,24.5,39.7,32.9,1.70,2.82,3.64,36.5,1.27,1.97,1.18,2.06,1.88,2.81,1.49,337.00,1326,412,964,290,…,247,447,200,79.9,109.3,103.9,270.9,…,156.2,…,129.1,135.5,…,0.54,0.53,2.56,1.08,2.66,10.79,0.58,0.51,0.28,3392,343.5,177.2,533.0,533.1,354.9,1.82,…,0.86,31.3,154.7,131.8,115.6,94.6,1639,32.5,2661,811,6085,8864,1513,383,472,4.8,,,,,,,,,,,,,,,,,
1991,19.4,20.1,16.6,21.5,39.7,31.5,1.49,3.11,3.99,35.6,1.20,1.87,1.07,1.67,1.43,2.16,1.43,433.00,1238,478,895,339,…,240,454,197,78.3,107.4,105.1,293.3,239.5,179.2,…,126.1,128.7,…,0.56,0.52,2.66,1.06,2.33,11.54,0.61,0.48,0.20,3500,316.0,191.5,…,552.5,372.4,1.68,…,0.83,31.5,158.3,133.1,138.4,106.4,1302,34.8,2339,558,5595,8156,1117,362,376,4.1,,,,,,,,,,,,,,,,,
1992,19.0,19.3,17.2,20.6,38.6,28.8,1.77,2.56,3.60,36.1,1.10,1.41,0.94,1.60,1.44,1.69,1.68,578.00,799,482,610,394,…,236,429,204,78.7,104.2,102.8,268.2,228.3,177.9,…,145.1,151.2,…,0.47,0.49,2.45,1.06,2.65,10.95,0.63,0.47,0.20,3440,331.3,209.5,…,607.2,380.8,1.28,…,0.86,31.5,137.9,120.7,117.6,111.8,1254,33.1,2281,541,6101,7001,1240,344,360,3.9,,,,,,,,,,,,,,,,,
1993,16.8,17.0,14.9,18.6,31.3,27.0,2.12,2.67,3.51,40.8,1.12,1.56,1.16,1.61,1.44,1.84,1.56,450.00,1092,365,739,378,…,255,480,208,71.4,102.1,99.0,235.4,202.4,157.6,…,134.8,140.2,…,0.44,0.43,2.62,1.21,2.91,11.39,0.62,0.48,0.22,2695,310.3,389.8,…,758.3,661.4,1.28,…,0.83,31.5,122.0,111.9,85.5,112.5,1139,29.1,1913,406,5161,5293,962,360,374,4.3,,,,,,,,,,,,,,,,,
1994,15.9,15.8,14.7,17.2,32.3,28.6,1.92,2.44,3.18,37.1,1.40,3.31,2.62,1.49,1.33,1.57,1.57,608.00,955,376,1023,528,…,252,616,192,72.6,107.6,103.9,267.6,229.9,182.3,…,138.6,149.7,…,0.44,0.41,2.33,1.22,2.98,13.08,0.62,0.49,0.27,2642,330.3,307.5,…,821.0,601.2,1.76,…,1.13,31.8,160.4,132.1,93.9,112.5,1477,26.5,2307,548,5464,6340,998,384,405,5.3,,,,,,,,,,,,,,,,,
1995,17.2,17.1,16.1,18.4,39.4,35.2,1.72,2.73,3.45,36.2,1.43,3.33,2.77,1.49,1.42,1.74,1.30,670.00,910,495,991,628,…,259,625,197,104.0,123.5,119.0,321.0,297.7,262.9,…,167.4,177.0,…,0.45,0.53,1.87,1.22,2.62,13.54,0.69,0.51,0.29,2643,339.5,255.6,596.1,740.0,584.4,2.13,…,1.58,32.7,199.8,149.6,126.9,112.5,1806,28.4,2936,631,6214,8228,1031,384,424,5.2,,,,,,,,,,,,,,,,,
1996,20.4,20.7,18.5,22.1,38.1,33.5,2.73,2.84,3.67,49.2,1.46,2.69,1.81,1.66,1.89,1.67,1.42,752.00,962,586,897,531,728,305,552,268,119.7,165.8,150.0,338.9,286.1,232.7,…,187.4,207.6,…,0.47,0.49,1.75,1.37,3.29,13.12,0.68,0.49,0.26,3055,284.3,252.1,512.4,741.3,529.5,1.77,…,1.39,33.0,198.1,175.8,153.7,112.5,1506,30.0,2295,774,6165,7501,1025,388,397,5.2,,,,,,,,,,,,,,,,,
1997,19.2,19.1,18.1,20.3,35.1,31.3,2.48,2.74,3.91,45.8,1.62,4.17,1.74,2.06,2.02,2.14,2.02,657.00,988,606,1010,546,652,295,565,276,97.2,117.1,109.6,303.5,257.1,210.4,…,143.6,159.5,0.97,0.52,0.46,1.85,1.34,3.39,14.76,0.63,0.48,0.25,3532,284.8,238.3,563.6,664.5,485.0,1.75,…,1.02,32.5,187.0,171.9,117.5,112.5,1599,30.2,2277,624,5647,6927,1316,331,395,4.9,,,,,,,,,,,,,,,,,
1998,13.1,12.7,12.1,14.3,29.2,26.8,2.09,2.42,3.02,38.9,1.68,2.98,1.82,2.05,2.07,2.16,1.90,658.00,989,662,909,671,687,243,626,170,85.1,102.0,98.0,304.2,259.9,213.0,…,111.5,126.1,1.00,0.49,0.44,1.72,1.39,2.75,14.24,0.60,0.49,0.20,3336,286.4,162.4,526.3,484.1,376.1,1.44,…,0.72,32.5,186.9,173.0,83.2,112.5,1357,31.0,1654,529,5540,4630,1024,294,372,5.6,,,,,,,,,,,,,,,,,
1999,18.1,17.8,17.2,19.2,25.9,24.3,2.27,2.13,3.14,39.8,1.14,2.29,1.49,1.84,1.65,2.07,1.80,737.00,864,408,833,436,694,202,426,165,75.9,90.2,84.4,248.4,216.3,192.6,…,96.3,112.0,0.85,0.37,0.44,1.81,1.32,2.61,12.35,0.59,0.47,0.14,3041,269.3,187.1,455.2,600.8,440.5,1.17,0.59,0.63,42.8,171.1,154.5,65.9,112.5,1361,27.6,1573,503,5404,6011,1076,279,377,5.2,,,,,,,,,,,,,,,,,
2000,28.2,28.3,26.1,30.3,26.3,26.6,4.31,3.86,4.71,73.9,0.91,1.92,0.91,1.88,1.79,1.81,2.03,450.00,871,408,757,310,444,212,338,204,77.2,88.5,88.0,202.4,172.8,143.5,…,98.9,114.1,0.71,0.42,0.36,1.93,1.31,2.62,14.02,0.56,0.43,0.18,2976,275.4,189.9,489.1,594.7,448.2,1.30,0.63,0.67,44.0,147.7,137.7,100.9,112.5,1549,28.8,1813,454,5436,8638,1128,279,545,5.0,,,,,,,,,,,,,,,,,
2001,24.4,24.4,22.7,25.9,32.3,33.9,3.96,4.06,4.63,70.5,1.07,1.37,0.61,1.60,1.62,1.66,1.52,318.00,866,465,759,287,305,196,353,205,93.9,89.6,95.2,172.8,153.1,134.1,…,107.7,126.8,0.78,0.58,0.60,2.11,1.40,2.91,13.68,0.53,0.47,0.19,3005,266.1,159.1,471.9,481.4,409.8,1.06,0.52,0.58,44.0,143.5,126.9,96.5,112.5,1444,30.0,1578,476,4484,5945,886,271,530,4.4,,,,,,,,,,,,,,,,,
2002,24.9,25.0,23.7,26.1,25.3,26.0,3.36,3.05,4.28,58.1,1.78,1.36,0.66,1.51,1.56,1.46,1.49,421.00,723,639,719,411,413,213,462,196,109.0,99.3,101.7,191.9,175.0,150.2,…,130.0,148.1,0.76,0.53,0.56,2.11,1.39,3.30,10.39,0.55,0.46,0.15,2744,236.0,163.4,486.3,526.8,402.7,1.02,0.75,0.76,44.0,152.2,133.1,94.4,112.5,1350,29.3,1559,453,4061,6772,779,310,540,4.6,,,,,,,,,,,,,,,,,
2003,28.9,28.9,26.7,31.1,26.1,30.2,5.49,3.91,4.73,88.5,1.75,1.42,0.81,1.52,1.54,1.47,1.54,467.00,997,640,1209,477,457,264,559,233,104.7,105.4,106.5,197.6,181.7,151.5,…,138.6,146.1,0.79,0.37,0.68,2.13,1.46,3.88,10.78,0.60,0.47,0.16,2646,279.5,187.2,551.6,551.0,431.9,1.40,1.00,1.08,44.0,171.7,149.3,138.2,112.5,1431,32.0,1779,515,4895,9629,828,364,692,4.9,,,,,,,,,,,,,,,,,
2004,37.7,38.3,33.5,41.4,52.9,54.7,5.89,4.28,5.13,95.4,1.55,1.77,0.79,1.69,1.78,1.72,1.55,661.00,988,649,1292,499,657,307,618,260,99.0,111.8,109.8,237.7,225.4,205.1,226.3,144.4,156.9,0.89,0.52,0.86,2.67,1.67,4.60,10.12,0.67,0.45,0.16,2740,331.3,197.3,586.4,581.3,464.8,1.37,1.21,1.28,44.0,204.7,186.3,174.9,125.6,1716,37.9,2866,887,8513,13823,1048,409,845,6.7,,,,,,,,,,,,,,,,,
2005,53.4,54.4,49.3,56.4,47.6,46.2,8.92,6.33,5.99,142.4,1.54,2.53,1.11,1.65,1.84,1.62,1.48,617.00,874,677,1171,451,631,275,545,237,95.1,98.7,96.2,286.3,265.4,217.8,…,135.7,152.4,1.17,0.60,0.87,2.73,1.63,4.44,9.71,0.67,0.47,0.22,2790,334.4,203.1,559.1,659.4,508.6,1.22,1.39,1.49,44.0,226.8,201.5,217.4,155.0,1898,65.0,3679,976,7380,14744,1381,445,897,7.3,,,,,,,,,,,,,,,,,
2006,64.3,65.4,61.4,66.0,49.1,50.7,6.72,8.47,7.08,126.7,1.59,2.52,1.49,1.87,1.91,1.75,1.95,607.00,875,755,1019,508,579,269,599,227,116.6,121.9,122.9,304.9,277.1,219.5,…,159.0,192.0,0.90,0.68,0.83,2.65,1.53,4.04,9.60,0.65,0.49,0.33,2969,318.5,239.4,622.9,749.3,595.6,1.27,1.95,2.08,44.0,229.9,201.6,222.1,178.3,2570,69.3,6722,1290,8781,24254,3275,604,1141,11.6,,,,,,,,,,,,,,,,,
2007,71.1,72.7,68.4,72.3,65.7,62.7,6.98,8.56,7.68,130.7,1.95,2.72,1.91,2.04,2.52,1.92,1.66,919.00,1248,1166,1375,817,888,383,886,322,172.4,163.7,162.7,326.4,306.5,272.3,…,238.6,255.2,1.04,0.68,0.96,2.70,1.72,4.12,9.68,0.68,0.46,0.22,3315,381.3,268.0,759.8,806.3,640.7,1.40,2.16,2.26,52.0,392.0,339.1,307.1,195.4,2638,123.0,7118,2580,14537,37230,3242,697,1305,13.4,,,,,,,,,,,,,,,,,
2008,97.0,97.6,93.8,99.6,127.1,120.6,8.86,13.41,12.53,179.8,2.58,3.08,2.32,2.42,2.79,2.25,2.22,1224.00,1601,1204,2145,1043,1125,522,1261,442,200.5,223.1,207.8,650.2,…,482.3,…,271.5,326.0,1.19,0.84,1.11,3.24,1.87,4.59,10.51,0.70,0.47,0.28,3589,526.9,292.3,958.3,889.1,645.5,1.57,2.53,2.59,242.7,861.6,879.4,515.0,456.0,2573,156.0,6956,2091,18510,21111,1875,872,1574,15.0,,,,,,,,,,,,,,,,,
2009,61.8,61.9,61.8,61.7,71.8,64.7,3.95,8.71,8.94,95.4,2.89,3.17,1.64,2.72,3.14,2.52,2.52,725.00,1130,1191,1353,741,699,424,853,424,128.3,165.5,151.1,555.0,458.1,326.4,…,186.0,224.1,1.14,0.85,0.91,2.73,1.89,4.28,8.92,0.52,0.55,0.40,4235,421.5,287.2,748.9,805.5,564.6,1.38,1.80,1.92,222.8,288.5,257.4,251.1,558.5,1665,80.0,5150,1719,13574,14655,1655,973,1203,14.6,,,,,,,,,,,,,,,,,
2010,79.0,79.6,78.1,79.4,99.0,91.6,4.39,8.29,10.85,100.0,3.13,4.32,1.74,2.88,3.29,2.81,2.56,1124.00,1241,1139,1401,933,1187,447,1001,398,158.4,185.9,165.4,488.9,441.5,383.7,429.2,229.7,223.6,1.00,0.87,1.03,3.42,1.89,5.95,10.64,0.44,0.79,0.47,4333,428.6,278.2,812.7,848.3,569.1,2.28,3.38,3.65,105.3,456.4,381.9,288.9,332.1,2173,145.9,7535,2148,20406,21809,2161,1225,1610,20.2,,,,,,,,,,,,,,,,,
2011,104.0,110.9,106.0,95.1,121.4,116.3,4.00,10.52,14.66,108.5,2.98,5.98,2.41,2.92,3.26,2.78,2.72,1730.00,1884,1442,1866,1193,1654,538,1298,409,207.2,291.7,268.7,543.0,506.0,458.6,513.6,285.9,316.3,1.12,0.97,0.89,4.08,1.93,9.53,12.11,0.45,0.84,0.57,4485,484.8,390.5,825.8,939.4,607.5,3.33,4.52,4.82,163.6,516.3,538.3,398.9,392.8,2401,167.8,8828,2401,26054,22910,2194,1569,1719,35.2,,,,,,,,,,,,,,,,,
2012,105.0,112.0,108.9,94.2,96.4,92.9,2.75,11.47,16.55,99.2,2.39,4.11,2.27,2.90,3.06,2.75,2.88,1111.00,2443,1528,2359,1043,1107,596,1226,532,240.3,298.4,271.9,563.0,543.8,525.1,434.4,295.4,313.2,1.10,0.98,0.87,4.21,2.08,8.55,11.46,0.42,0.64,0.47,4302,451.4,360.5,759.3,876.3,610.3,1.97,3.16,3.38,184.9,480.2,462.0,398.6,465.4,2023,128.5,7962,2065,21126,17548,1950,1670,1551,31.1,,,,,,,,,,,,,,,,,
2013,104.1,108.9,105.4,97.9,84.6,80.2,3.72,11.79,15.96,112.1,2.44,3.08,2.08,2.86,3.45,2.73,2.40,939.00,1514,1751,1821,871,897,551,1055,543,203.0,259.4,243.3,505.9,473.0,474.0,392.4,276.7,312.2,1.02,0.92,0.97,4.13,2.17,6.93,14.17,0.43,0.45,0.39,4589,463.5,305.4,749.2,852.8,560.2,1.99,2.52,2.79,126.3,411.0,380.8,339.6,395.0,1847,135.4,7332,2140,22283,15032,1910,1411,1487,23.8,,,,,,,,,,,,,,,,,
2014,96.2,98.9,96.7,93.1,70.1,72.3,4.37,10.05,16.04,111.7,3.06,4.42,2.22,2.72,3.54,2.58,2.05,1281.00,1258,1681,1395,837,1120,485,906,522,145.9,192.9,210.4,422.8,382.2,425.1,407.2,245.2,284.9,1.04,0.93,0.78,5.05,2.32,7.99,17.79,0.43,0.53,0.37,4991,465.2,282.0,789.5,897.9,517.3,1.83,1.71,1.95,110.5,429.6,382.0,308.4,296.6,1867,97.0,6863,2095,21899,16893,2161,1266,1384,19.1,,,,,,,,,,,,,,,,,
2015,50.8,52.4,51.2,48.7,58.9,56.7,2.61,6.82,10.93,71.6,3.14,3.53,1.94,2.78,2.98,2.39,2.96,1104.00,1305,1554,1378,663,903,392,756,389,121.3,169.8,201.6,386.0,372.6,386.0,351.8,206.4,204.4,0.90,0.96,0.68,4.56,1.99,7.50,13.22,0.36,0.55,0.30,4908,388.6,246.0,732.6,833.3,451.2,1.55,1.37,1.57,120.3,416.6,377.6,277.9,296.1,1665,55.9,5510,1788,16067,11863,1932,1161,1053,15.7,,,,,,,,,,,,,,,,,
2016,42.8,44.0,41.2,43.2,66.1,63.9,2.49,4.56,7.37,57.0,2.89,3.61,1.95,2.68,3.30,2.33,2.42,1482.00,1393,1491,1381,736,1301,405,815,375,103.9,159.2,155.6,396.2,385.3,380.3,356.1,176.3,166.6,0.91,1.00,0.89,4.06,1.85,7.31,11.22,0.36,0.61,0.40,4790,387.4,274.4,649.6,738.9,503.3,1.64,1.38,1.61,110.5,315.8,290.3,194.1,260.3,1604,58.4,4868,1867,17934,9595,2090,1249,987,17.1,,,,,,,,,,,,,,,,,
2017,52.8,54.4,53.1,50.9,88.5,85.1,2.96,5.72,8.61,69.0,2.03,3.32,2.23,3.15,4.05,2.42,2.97,1651.00,1487,1367,1461,751,1288,393,850,350,97.6,154.5,163.0,398.9,384.7,379.9,363.2,178.2,174.2,0.90,1.08,0.81,4.39,2.12,8.25,13.32,0.37,0.62,0.35,4627,395.2,265.4,617.3,702.1,486.9,1.84,1.67,2.00,89.7,323.0,283.2,213.9,218.2,1968,71.8,6170,2315,20061,10410,2891,1258,948,17.1,,,,,,,,,,,,,,,,,
2018,68.3,71.1,69.2,64.8,107.0,97.6,3.16,7.68,10.67,82.1,2.29,2.93,1.87,2.85,3.61,2.36,2.58,997.00,1320,1525,1446,639,926,394,789,405,125.9,164.4,168.6,420.7,408.1,401.1,406.1,203.9,209.9,0.95,1.15,0.79,4.20,2.24,7.85,12.24,0.39,0.56,0.28,4866,413.5,269.7,640.0,727.9,494.7,2.01,1.37,1.57,87.9,393.4,346.7,249.4,215.5,2108,69.8,6530,2240,20145,13114,2922,1269,880,15.7,,,,,,,,,,,,,,,,,
2019,61.4,64.0,63.2,57.0,77.9,71.9,2.57,4.80,10.56,61.1,2.34,2.88,1.62,2.56,3.10,2.38,2.21,736.00,1338,1448,1407,601,665,369,765,347,128.1,170.1,161.5,418.0,410.4,393.5,351.9,211.3,201.7,0.88,1.14,0.56,4.76,2.00,8.10,12.60,0.37,0.58,0.28,4579,391.9,273.1,611.8,695.9,500.9,1.72,1.41,1.64,88.0,306.4,294.5,245.3,255.5,1794,93.8,6010,1997,18661,13914,2550,1392,864,16.2,,,,,,,,,,,,,,,,,
2020,41.3,42.3,42.2,39.3,60.8,65.7,2.01,3.24,8.31,45.5,2.37,3.32,1.52,2.70,3.40,2.69,2.01,1010.00,1839,1433,1698,752,824,407,838,394,97.6,165.5,171.6,496.8,481.8,474.6,428.0,227.7,231.6,0.90,1.22,0.60,4.67,1.63,6.36,12.67,0.37,0.59,0.28,4336,399.5,278.9,615.2,699.7,511.6,1.59,1.33,1.73,76.1,312.4,265.0,229.1,241.1,1704,108.9,6174,1825,17125,13787,2266,1770,883,20.5,,,,,,,,,,,,,,,,,
2021,69.1,70.4,68.8,68.0,138.1,119.8,3.85,16.12,10.76,130.7,2.43,4.51,1.98,2.69,3.13,2.83,2.11,1636.00,1555,1481,2075,1131,1533,583,1385,481,..,259.5,..,458.3,448.3,436.1,446.3,281.7,315.2,0.92,1.21,0.65,5.34,1.99,8.66,13.70,0.39,0.74,0.39,4155,414.2,271.4,659.3,750.0,497.7,2.23,1.68,2.07,123.2,601.0,538.2,483.2,542.8,2473,161.7,9317,2200,32384,18465,3003,1800,1091,25.2,,,,,,,,,,,,,,,,,
2022,97.1,99.8,97.0,94.4,344.9,240.6,6.37,40.34,18.43,281.6,2.39,5.63,2.29,3.05,3.87,2.83,2.45,1635.00,1568,1596,2203,1276,1617,675,1667,548,..,318.8,..,436.8,429.7,417.7,404.5,381.9,430.0,0.94,1.49,0.92,5.62,1.68,8.27,13.51,0.34,0.79,0.41,4270,368.9,228.0,593.0,674.5,418.2,2.86,1.54,1.81,266.2,772.2,716.1,700.0,863.4,2705,121.3,8822,2151,31335,25834,3481,1801,962,21.8,,,,,,,,,,,,,,,,,
2023,80.8,82.6,82.0,77.7,172.8,119.1,2.54,13.11,14.39,102.9,3.28,4.54,2.63,2.74,3.56,2.43,2.23,1075.00,1892,1815,2035,886,990,598,1119,541,..,252.7,..,553.7,532.9,536.2,523.7,257.7,340.4,1.09,1.60,1.57,4.90,1.53,6.12,10.19,0.35,0.89,0.52,5016,378.6,212.4,595.9,677.7,389.5,2.09,1.38,1.58,321.7,550.0,480.2,358.0,383.2,2256,120.6,8490,2136,25938,21521,2653,1943,966,23.4,,,,,,,,,,,,,,,,,
2024,78.7,80.7,79.7,75.8,136.1,105.8,2.19,10.96,12.84,87.4,7.33,5.62,4.41,3.04,4.13,2.81,2.18,1519.00,1793,1699,1796,963,1412,462,1022,442,..,190.6,..,588.4,559.1,572.7,557.5,230.9,268.7,1.07,1.23,2.26,5.93,1.46,5.35,..,0.35,0.84,0.45,5899,378.7,196.7,612.4,696.5,360.9,1.91,1.75,2.28,152.5,563.7,474.6,338.3,295.1,2419,109.4,9142,2069,30066,16814,2776,2388,955,28.3,,,,,,,,,,,,,,,,,
2025,67.4,69.0,68.3,64.9,108.4,94.9,3.53,11.96,12.04,107.8,7.80,8.47,4.86,2.91,3.95,2.63,2.15,2480.00,1351,1706,1666,1007,2093,414,1140,366,..,203.2,..,407.8,396.4,386.3,380.0,219.6,243.3,1.11,1.10,1.42,6.86,1.71,6.12,..,0.37,0.79,0.37,6881,395.4,199.1,631.6,718.4,365.2,1.71,1.77,2.18,152.5,685.2,577.6,422.7,347.5,2632,100.2,9947,1962,34059,15162,2868,3442,1278,39.8,,,,,,,,,,,,,,,,,
,,,,,,,,,,,,,,,,,,,,,,,,,,,,,,,,,,,,,,,,,,,,,,,,,,,,,,,,,,,,,,,,,,,,,,,,,,,,,,,,,,,,,,
,,,,,,,,,,,,,,,,,,,,,,,,,,,,,,,,,,,,,,,,,,,,,,,,,,,,,,,,,,,,,,,,,,,,,,,,,,,,,,,,,,,,,,
,,,,,,,,,,,,,,,,,,,,,,,,,,,,,,,,,,,,,,,,,,,,,,,,,,,,,,,,,,,,,,,,,,,,,,,,,,,,,,,,,,,,,,
,,,,,,,,,,,,,,,,,,,,,,,,,,,,,,,,,,,,,,,,,,,,,,,,,,,,,,,,,,,,,,,,,,,,,,,,,,,,,,,,,,,,,,
,,,,,,,,,,,,,,,,,,,,,,,,,,,,,,,,,,,,,,,,,,,,,,,,,,,,,,,,,,,,,,,,,,,,,,,,,,,,,,,,,,,,,,
,,,,,,,,,,,,,,,,,,,,,,,,,,,,,,,,,,,,,,,,,,,,,,,,,,,,,,,,,,,,,,,,,,,,,,,,,,,,,,,,,,,,,,
,,,,,,,,,,,,,,,,,,,,,,,,,,,,,,,,,,,,,,,,,,,,,,,,,,,,,,,,,,,,,,,,,,,,,,,,,,,,,,,,,,,,,,
,,,,,,,,,,,,,,,,,,,,,,,,,,,,,,,,,,,,,,,,,,,,,,,,,,,,,,,,,,,,,,,,,,,,,,,,,,,,,,,,,,,,,,
,,,,,,,,,,,,,,,,,,,,,,,,,,,,,,,,,,,,,,,,,,,,,,,,,,,,,,,,,,,,,,,,,,,,,,,,,,,,,,,,,,,,,,
,,,,,,,,,,,,,,,,,,,,,,,,,,,,,,,,,,,,,,,,,,,,,,,,,,,,,,,,,,,,,,,,,,,,,,,,,,,,,,,,,,,,,,
,,,,,,,,,,,,,,,,,,,,,,,,,,,,,,,,,,,,,,,,,,,,,,,,,,,,,,,,,,,,,,,,,,,,,,,,,,,,,,,,,,,,,,
,,,,,,,,,,,,,,,,,,,,,,,,,,,,,,,,,,,,,,,,,,,,,,,,,,,,,,,,,,,,,,,,,,,,,,,,,,,,,,,,,,,,,,
,,,,,,,,,,,,,,,,,,,,,,,,,,,,,,,,,,,,,,,,,,,,,,,,,,,,,,,,,,,,,,,,,,,,,,,,,,,,,,,,,,,,,,
,,,,,,,,,,,,,,,,,,,,,,,,,,,,,,,,,,,,,,,,,,,,,,,,,,,,,,,,,,,,,,,,,,,,,,,,,,,,,,,,,,,,,,
,,,,,,,,,,,,,,,,,,,,,,,,,,,,,,,,,,,,,,,,,,,,,,,,,,,,,,,,,,,,,,,,,,,,,,,,,,,,,,,,,,,,,,
,,,,,,,,,,,,,,,,,,,,,,,,,,,,,,,,,,,,,,,,,,,,,,,,,,,,,,,,,,,,,,,,,,,,,,,,,,,,,,,,,,,,,,
,,,,,,,,,,,,,,,,,,,,,,,,,,,,,,,,,,,,,,,,,,,,,,,,,,,,,,,,,,,,,,,,,,,,,,,,,,,,,,,,,,,,,,
,,,,,,,,,,,,,,,,,,,,,,,,,,,,,,,,,,,,,,,,,,,,,,,,,,,,,,,,,,,,,,,,,,,,,,,,,,,,,,,,,,,,,,
,,,,,,,,,,,,,,,,,,,,,,,,,,,,,,,,,,,,,,,,,,,,,,,,,,,,,,,,,,,,,,,,,,,,,,,,,,,,,,,,,,,,,,
,,,,,,,,,,,,,,,,,,,,,,,,,,,,,,,,,,,,,,,,,,,,,,,,,,,,,,,,,,,,,,,,,,,,,,,,,,,,,,,,,,,,,,
,,,,,,,,,,,,,,,,,,,,,,,,,,,,,,,,,,,,,,,,,,,,,,,,,,,,,,,,,,,,,,,,,,,,,,,,,,,,,,,,,,,,,,
,,,,,,,,,,,,,,,,,,,,,,,,,,,,,,,,,,,,,,,,,,,,,,,,,,,,,,,,,,,,,,,,,,,,,,,,,,,,,,,,,,,,,,
,,,,,,,,,,,,,,,,,,,,,,,,,,,,,,,,,,,,,,,,,,,,,,,,,,,,,,,,,,,,,,,,,,,,,,,,,,,,,,,,,,,,,,
,,,,,,,,,,,,,,,,,,,,,,,,,,,,,,,,,,,,,,,,,,,,,,,,,,,,,,,,,,,,,,,,,,,,,,,,,,,,,,,,,,,,,,
,,,,,,,,,,,,,,,,,,,,,,,,,,,,,,,,,,,,,,,,,,,,,,,,,,,,,,,,,,,,,,,,,,,,,,,,,,,,,,,,,,,,,,
,,,,,,,,,,,,,,,,,,,,,,,,,,,,,,,,,,,,,,,,,,,,,,,,,,,,,,,,,,,,,,,,,,,,,,,,,,,,,,,,,,,,,,
,,,,,,,,,,,,,,,,,,,,,,,,,,,,,,,,,,,,,,,,,,,,,,,,,,,,,,,,,,,,,,,,,,,,,,,,,,,,,,,,,,,,,,
,,,,,,,,,,,,,,,,,,,,,,,,,,,,,,,,,,,,,,,,,,,,,,,,,,,,,,,,,,,,,,,,,,,,,,,,,,,,,,,,,,,,,,
,,,,,,,,,,,,,,,,,,,,,,,,,,,,,,,,,,,,,,,,,,,,,,,,,,,,,,,,,,,,,,,,,,,,,,,,,,,,,,,,,,,,,,
,,,,,,,,,,,,,,,,,,,,,,,,,,,,,,,,,,,,,,,,,,,,,,,,,,,,,,,,,,,,,,,,,,,,,,,,,,,,,,,,,,,,,,
,,,,,,,,,,,,,,,,,,,,,,,,,,,,,,,,,,,,,,,,,,,,,,,,,,,,,,,,,,,,,,,,,,,,,,,,,,,,,,,,,,,,,,
,,,,,,,,,,,,,,,,,,,,,,,,,,,,,,,,,,,,,,,,,,,,,,,,,,,,,,,,,,,,,,,,,,,,,,,,,,,,,,,,,,,,,,
,,,,,,,,,,,,,,,,,,,,,,,,,,,,,,,,,,,,,,,,,,,,,,,,,,,,,,,,,,,,,,,,,,,,,,,,,,,,,,,,,,,,,,
,,,,,,,,,,,,,,,,,,,,,,,,,,,,,,,,,,,,,,,,,,,,,,,,,,,,,,,,,,,,,,,,,,,,,,,,,,,,,,,,,,,,,,
,,,,,,,,,,,,,,,,,,,,,,,,,,,,,,,,,,,,,,,,,,,,,,,,,,,,,,,,,,,,,,,,,,,,,,,,,,,,,,,,,,,,,,
,,,,,,,,,,,,,,,,,,,,,,,,,,,,,,,,,,,,,,,,,,,,,,,,,,,,,,,,,,,,,,,,,,,,,,,,,,,,,,,,,,,,,,
,,,,,,,,,,,,,,,,,,,,,,,,,,,,,,,,,,,,,,,,,,,,,,,,,,,,,,,,,,,,,,,,,,,,,,,,,,,,,,,,,,,,,,
,,,,,,,,,,,,,,,,,,,,,,,,,,,,,,,,,,,,,,,,,,,,,,,,,,,,,,,,,,,,,,,,,,,,,,,,,,,,,,,,,,,,,,
,,,,,,,,,,,,,,,,,,,,,,,,,,,,,,,,,,,,,,,,,,,,,,,,,,,,,,,,,,,,,,,,,,,,,,,,,,,,,,,,,,,,,,
,,,,,,,,,,,,,,,,,,,,,,,,,,,,,,,,,,,,,,,,,,,,,,,,,,,,,,,,,,,,,,,,,,,,,,,,,,,,,,,,,,,,,,
,,,,,,,,,,,,,,,,,,,,,,,,,,,,,,,,,,,,,,,,,,,,,,,,,,,,,,,,,,,,,,,,,,,,,,,,,,,,,,,,,,,,,,
,,,,,,,,,,,,,,,,,,,,,,,,,,,,,,,,,,,,,,,,,,,,,,,,,,,,,,,,,,,,,,,,,,,,,,,,,,,,,,,,,,,,,,
,,,,,,,,,,,,,,,,,,,,,,,,,,,,,,,,,,,,,,,,,,,,,,,,,,,,,,,,,,,,,,,,,,,,,,,,,,,,,,,,,,,,,,
,,,,,,,,,,,,,,,,,,,,,,,,,,,,,,,,,,,,,,,,,,,,,,,,,,,,,,,,,,,,,,,,,,,,,,,,,,,,,,,,,,,,,,
,,,,,,,,,,,,,,,,,,,,,,,,,,,,,,,,,,,,,,,,,,,,,,,,,,,,,,,,,,,,,,,,,,,,,,,,,,,,,,,,,,,,,,
,,,,,,,,,,,,,,,,,,,,,,,,,,,,,,,,,,,,,,,,,,,,,,,,,,,,,,,,,,,,,,,,,,,,,,,,,,,,,,,,,,,,,,
,,,,,,,,,,,,,,,,,,,,,,,,,,,,,,,,,,,,,,,,,,,,,,,,,,,,,,,,,,,,,,,,,,,,,,,,,,,,,,,,,,,,,,
,,,,,,,,,,,,,,,,,,,,,,,,,,,,,,,,,,,,,,,,,,,,,,,,,,,,,,,,,,,,,,,,,,,,,,,,,,,,,,,,,,,,,,
,,,,,,,,,,,,,,,,,,,,,,,,,,,,,,,,,,,,,,,,,,,,,,,,,,,,,,,,,,,,,,,,,,,,,,,,,,,,,,,,,,,,,,
,,,,,,,,,,,,,,,,,,,,,,,,,,,,,,,,,,,,,,,,,,,,,,,,,,,,,,,,,,,,,,,,,,,,,,,,,,,,,,,,,,,,,,
,,,,,,,,,,,,,,,,,,,,,,,,,,,,,,,,,,,,,,,,,,,,,,,,,,,,,,,,,,,,,,,,,,,,,,,,,,,,,,,,,,,,,,
,,,,,,,,,,,,,,,,,,,,,,,,,,,,,,,,,,,,,,,,,,,,,,,,,,,,,,,,,,,,,,,,,,,,,,,,,,,,,,,,,,,,,,
,,,,,,,,,,,,,,,,,,,,,,,,,,,,,,,,,,,,,,,,,,,,,,,,,,,,,,,,,,,,,,,,,,,,,,,,,,,,,,,,,,,,,,
,,,,,,,,,,,,,,,,,,,,,,,,,,,,,,,,,,,,,,,,,,,,,,,,,,,,,,,,,,,,,,,,,,,,,,,,,,,,,,,,,,,,,,
,,,,,,,,,,,,,,,,,,,,,,,,,,,,,,,,,,,,,,,,,,,,,,,,,,,,,,,,,,,,,,,,,,,,,,,,,,,,,,,,,,,,,,
,,,,,,,,,,,,,,,,,,,,,,,,,,,,,,,,,,,,,,,,,,,,,,,,,,,,,,,,,,,,,,,,,,,,,,,,,,,,,,,,,,,,,,
,,,,,,,,,,,,,,,,,,,,,,,,,,,,,,,,,,,,,,,,,,,,,,,,,,,,,,,,,,,,,,,,,,,,,,,,,,,,,,,,,,,,,,
,,,,,,,,,,,,,,,,,,,,,,,,,,,,,,,,,,,,,,,,,,,,,,,,,,,,,,,,,,,,,,,,,,,,,,,,,,,,,,,,,,,,,,
,,,,,,,,,,,,,,,,,,,,,,,,,,,,,,,,,,,,,,,,,,,,,,,,,,,,,,,,,,,,,,,,,,,,,,,,,,,,,,,,,,,,,,
,,,,,,,,,,,,,,,,,,,,,,,,,,,,,,,,,,,,,,,,,,,,,,,,,,,,,,,,,,,,,,,,,,,,,,,,,,,,,,,,,,,,,,
,,,,,,,,,,,,,,,,,,,,,,,,,,,,,,,,,,,,,,,,,,,,,,,,,,,,,,,,,,,,,,,,,,,,,,,,,,,,,,,,,,,,,,
,,,,,,,,,,,,,,,,,,,,,,,,,,,,,,,,,,,,,,,,,,,,,,,,,,,,,,,,,,,,,,,,,,,,,,,,,,,,,,,,,,,,,,
,,,,,,,,,,,,,,,,,,,,,,,,,,,,,,,,,,,,,,,,,,,,,,,,,,,,,,,,,,,,,,,,,,,,,,,,,,,,,,,,,,,,,,
,,,,,,,,,,,,,,,,,,,,,,,,,,,,,,,,,,,,,,,,,,,,,,,,,,,,,,,,,,,,,,,,,,,,,,,,,,,,,,,,,,,,,,
,,,,,,,,,,,,,,,,,,,,,,,,,,,,,,,,,,,,,,,,,,,,,,,,,,,,,,,,,,,,,,,,,,,,,,,,,,,,,,,,,,,,,,
,,,,,,,,,,,,,,,,,,,,,,,,,,,,,,,,,,,,,,,,,,,,,,,,,,,,,,,,,,,,,,,,,,,,,,,,,,,,,,,,,,,,,,
,,,,,,,,,,,,,,,,,,,,,,,,,,,,,,,,,,,,,,,,,,,,,,,,,,,,,,,,,,,,,,,,,,,,,,,,,,,,,,,,,,,,,,
,,,,,,,,,,,,,,,,,,,,,,,,,,,,,,,,,,,,,,,,,,,,,,,,,,,,,,,,,,,,,,,,,,,,,,,,,,,,,,,,,,,,,,
,,,,,,,,,,,,,,,,,,,,,,,,,,,,,,,,,,,,,,,,,,,,,,,,,,,,,,,,,,,,,,,,,,,,,,,,,,,,,,,,,,,,,,
,,,,,,,,,,,,,,,,,,,,,,,,,,,,,,,,,,,,,,,,,,,,,,,,,,,,,,,,,,,,,,,,,,,,,,,,,,,,,,,,,,,,,,
,,,,,,,,,,,,,,,,,,,,,,,,,,,,,,,,,,,,,,,,,,,,,,,,,,,,,,,,,,,,,,,,,,,,,,,,,,,,,,,,,,,,,,
,,,,,,,,,,,,,,,,,,,,,,,,,,,,,,,,,,,,,,,,,,,,,,,,,,,,,,,,,,,,,,,,,,,,,,,,,,,,,,,,,,,,,,
,,,,,,,,,,,,,,,,,,,,,,,,,,,,,,,,,,,,,,,,,,,,,,,,,,,,,,,,,,,,,,,,,,,,,,,,,,,,,,,,,,,,,,
,,,,,,,,,,,,,,,,,,,,,,,,,,,,,,,,,,,,,,,,,,,,,,,,,,,,,,,,,,,,,,,,,,,,,,,,,,,,,,,,,,,,,,
,,,,,,,,,,,,,,,,,,,,,,,,,,,,,,,,,,,,,,,,,,,,,,,,,,,,,,,,,,,,,,,,,,,,,,,,,,,,,,,,,,,,,,
,,,,,,,,,,,,,,,,,,,,,,,,,,,,,,,,,,,,,,,,,,,,,,,,,,,,,,,,,,,,,,,,,,,,,,,,,,,,,,,,,,,,,,
,,,,,,,,,,,,,,,,,,,,,,,,,,,,,,,,,,,,,,,,,,,,,,,,,,,,,,,,,,,,,,,,,,,,,,,,,,,,,,,,,,,,,,
,,,,,,,,,,,,,,,,,,,,,,,,,,,,,,,,,,,,,,,,,,,,,,,,,,,,,,,,,,,,,,,,,,,,,,,,,,,,,,,,,,,,,,
,,,,,,,,,,,,,,,,,,,,,,,,,,,,,,,,,,,,,,,,,,,,,,,,,,,,,,,,,,,,,,,,,,,,,,,,,,,,,,,,,,,,,,
,,,,,,,,,,,,,,,,,,,,,,,,,,,,,,,,,,,,,,,,,,,,,,,,,,,,,,,,,,,,,,,,,,,,,,,,,,,,,,,,,,,,,,
,,,,,,,,,,,,,,,,,,,,,,,,,,,,,,,,,,,,,,,,,,,,,,,,,,,,,,,,,,,,,,,,,,,,,,,,,,,,,,,,,,,,,,
,,,,,,,,,,,,,,,,,,,,,,,,,,,,,,,,,,,,,,,,,,,,,,,,,,,,,,,,,,,,,,,,,,,,,,,,,,,,,,,,,,,,,,
,,,,,,,,,,,,,,,,,,,,,,,,,,,,,,,,,,,,,,,,,,,,,,,,,,,,,,,,,,,,,,,,,,,,,,,,,,,,,,,,,,,,,,
,,,,,,,,,,,,,,,,,,,,,,,,,,,,,,,,,,,,,,,,,,,,,,,,,,,,,,,,,,,,,,,,,,,,,,,,,,,,,,,,,,,,,,
,,,,,,,,,,,,,,,,,,,,,,,,,,,,,,,,,,,,,,,,,,,,,,,,,,,,,,,,,,,,,,,,,,,,,,,,,,,,,,,,,,,,,,
,,,,,,,,,,,,,,,,,,,,,,,,,,,,,,,,,,,,,,,,,,,,,,,,,,,,,,,,,,,,,,,,,,,,,,,,,,,,,,,,,,,,,,
,,,,,,,,,,,,,,,,,,,,,,,,,,,,,,,,,,,,,,,,,,,,,,,,,,,,,,,,,,,,,,,,,,,,,,,,,,,,,,,,,,,,,,
,,,,,,,,,,,,,,,,,,,,,,,,,,,,,,,,,,,,,,,,,,,,,,,,,,,,,,,,,,,,,,,,,,,,,,,,,,,,,,,,,,,,,,
,,,,,,,,,,,,,,,,,,,,,,,,,,,,,,,,,,,,,,,,,,,,,,,,,,,,,,,,,,,,,,,,,,,,,,,,,,,,,,,,,,,,,,
,,,,,,,,,,,,,,,,,,,,,,,,,,,,,,,,,,,,,,,,,,,,,,,,,,,,,,,,,,,,,,,,,,,,,,,,,,,,,,,,,,,,,,
,,,,,,,,,,,,,,,,,,,,,,,,,,,,,,,,,,,,,,,,,,,,,,,,,,,,,,,,,,,,,,,,,,,,,,,,,,,,,,,,,,,,,,
,,,,,,,,,,,,,,,,,,,,,,,,,,,,,,,,,,,,,,,,,,,,,,,,,,,,,,,,,,,,,,,,,,,,,,,,,,,,,,,,,,,,,,
,,,,,,,,,,,,,,,,,,,,,,,,,,,,,,,,,,,,,,,,,,,,,,,,,,,,,,,,,,,,,,,,,,,,,,,,,,,,,,,,,,,,,,
,,,,,,,,,,,,,,,,,,,,,,,,,,,,,,,,,,,,,,,,,,,,,,,,,,,,,,,,,,,,,,,,,,,,,,,,,,,,,,,,,,,,,,
,,,,,,,,,,,,,,,,,,,,,,,,,,,,,,,,,,,,,,,,,,,,,,,,,,,,,,,,,,,,,,,,,,,,,,,,,,,,,,,,,,,,,,
,,,,,,,,,,,,,,,,,,,,,,,,,,,,,,,,,,,,,,,,,,,,,,,,,,,,,,,,,,,,,,,,,,,,,,,,,,,,,,,,,,,,,,
,,,,,,,,,,,,,,,,,,,,,,,,,,,,,,,,,,,,,,,,,,,,,,,,,,,,,,,,,,,,,,,,,,,,,,,,,,,,,,,,,,,,,,
,,,,,,,,,,,,,,,,,,,,,,,,,,,,,,,,,,,,,,,,,,,,,,,,,,,,,,,,,,,,,,,,,,,,,,,,,,,,,,,,,,,,,,
,,,,,,,,,,,,,,,,,,,,,,,,,,,,,,,,,,,,,,,,,,,,,,,,,,,,,,,,,,,,,,,,,,,,,,,,,,,,,,,,,,,,,,
,,,,,,,,,,,,,,,,,,,,,,,,,,,,,,,,,,,,,,,,,,,,,,,,,,,,,,,,,,,,,,,,,,,,,,,,,,,,,,,,,,,,,,
,,,,,,,,,,,,,,,,,,,,,,,,,,,,,,,,,,,,,,,,,,,,,,,,,,,,,,,,,,,,,,,,,,,,,,,,,,,,,,,,,,,,,,
,,,,,,,,,,,,,,,,,,,,,,,,,,,,,,,,,,,,,,,,,,,,,,,,,,,,,,,,,,,,,,,,,,,,,,,,,,,,,,,,,,,,,,
,,,,,,,,,,,,,,,,,,,,,,,,,,,,,,,,,,,,,,,,,,,,,,,,,,,,,,,,,,,,,,,,,,,,,,,,,,,,,,,,,,,,,,
,,,,,,,,,,,,,,,,,,,,,,,,,,,,,,,,,,,,,,,,,,,,,,,,,,,,,,,,,,,,,,,,,,,,,,,,,,,,,,,,,,,,,,
,,,,,,,,,,,,,,,,,,,,,,,,,,,,,,,,,,,,,,,,,,,,,,,,,,,,,,,,,,,,,,,,,,,,,,,,,,,,,,,,,,,,,,
,,,,,,,,,,,,,,,,,,,,,,,,,,,,,,,,,,,,,,,,,,,,,,,,,,,,,,,,,,,,,,,,,,,,,,,,,,,,,,,,,,,,,,
,,,,,,,,,,,,,,,,,,,,,,,,,,,,,,,,,,,,,,,,,,,,,,,,,,,,,,,,,,,,,,,,,,,,,,,,,,,,,,,,,,,,,,
,,,,,,,,,,,,,,,,,,,,,,,,,,,,,,,,,,,,,,,,,,,,,,,,,,,,,,,,,,,,,,,,,,,,,,,,,,,,,,,,,,,,,,
,,,,,,,,,,,,,,,,,,,,,,,,,,,,,,,,,,,,,,,,,,,,,,,,,,,,,,,,,,,,,,,,,,,,,,,,,,,,,,,,,,,,,,
,,,,,,,,,,,,,,,,,,,,,,,,,,,,,,,,,,,,,,,,,,,,,,,,,,,,,,,,,,,,,,,,,,,,,,,,,,,,,,,,,,,,,,
,,,,,,,,,,,,,,,,,,,,,,,,,,,,,,,,,,,,,,,,,,,,,,,,,,,,,,,,,,,,,,,,,,,,,,,,,,,,,,,,,,,,,,
,,,,,,,,,,,,,,,,,,,,,,,,,,,,,,,,,,,,,,,,,,,,,,,,,,,,,,,,,,,,,,,,,,,,,,,,,,,,,,,,,,,,,,
,,,,,,,,,,,,,,,,,,,,,,,,,,,,,,,,,,,,,,,,,,,,,,,,,,,,,,,,,,,,,,,,,,,,,,,,,,,,,,,,,,,,,,
,,,,,,,,,,,,,,,,,,,,,,,,,,,,,,,,,,,,,,,,,,,,,,,,,,,,,,,,,,,,,,,,,,,,,,,,,,,,,,,,,,,,,,
,,,,,,,,,,,,,,,,,,,,,,,,,,,,,,,,,,,,,,,,,,,,,,,,,,,,,,,,,,,,,,,,,,,,,,,,,,,,,,,,,,,,,,
,,,,,,,,,,,,,,,,,,,,,,,,,,,,,,,,,,,,,,,,,,,,,,,,,,,,,,,,,,,,,,,,,,,,,,,,,,,,,,,,,,,,,,
,,,,,,,,,,,,,,,,,,,,,,,,,,,,,,,,,,,,,,,,,,,,,,,,,,,,,,,,,,,,,,,,,,,,,,,,,,,,,,,,,,,,,,
,,,,,,,,,,,,,,,,,,,,,,,,,,,,,,,,,,,,,,,,,,,,,,,,,,,,,,,,,,,,,,,,,,,,,,,,,,,,,,,,,,,,,,
,,,,,,,,,,,,,,,,,,,,,,,,,,,,,,,,,,,,,,,,,,,,,,,,,,,,,,,,,,,,,,,,,,,,,,,,,,,,,,,,,,,,,,
,,,,,,,,,,,,,,,,,,,,,,,,,,,,,,,,,,,,,,,,,,,,,,,,,,,,,,,,,,,,,,,,,,,,,,,,,,,,,,,,,,,,,,
,,,,,,,,,,,,,,,,,,,,,,,,,,,,,,,,,,,,,,,,,,,,,,,,,,,,,,,,,,,,,,,,,,,,,,,,,,,,,,,,,,,,,,
,,,,,,,,,,,,,,,,,,,,,,,,,,,,,,,,,,,,,,,,,,,,,,,,,,,,,,,,,,,,,,,,,,,,,,,,,,,,,,,,,,,,,,
,,,,,,,,,,,,,,,,,,,,,,,,,,,,,,,,,,,,,,,,,,,,,,,,,,,,,,,,,,,,,,,,,,,,,,,,,,,,,,,,,,,,,,
,,,,,,,,,,,,,,,,,,,,,,,,,,,,,,,,,,,,,,,,,,,,,,,,,,,,,,,,,,,,,,,,,,,,,,,,,,,,,,,,,,,,,,
,,,,,,,,,,,,,,,,,,,,,,,,,,,,,,,,,,,,,,,,,,,,,,,,,,,,,,,,,,,,,,,,,,,,,,,,,,,,,,,,,,,,,,
,,,,,,,,,,,,,,,,,,,,,,,,,,,,,,,,,,,,,,,,,,,,,,,,,,,,,,,,,,,,,,,,,,,,,,,,,,,,,,,,,,,,,,
,,,,,,,,,,,,,,,,,,,,,,,,,,,,,,,,,,,,,,,,,,,,,,,,,,,,,,,,,,,,,,,,,,,,,,,,,,,,,,,,,,,,,,
,,,,,,,,,,,,,,,,,,,,,,,,,,,,,,,,,,,,,,,,,,,,,,,,,,,,,,,,,,,,,,,,,,,,,,,,,,,,,,,,,,,,,,
,,,,,,,,,,,,,,,,,,,,,,,,,,,,,,,,,,,,,,,,,,,,,,,,,,,,,,,,,,,,,,,,,,,,,,,,,,,,,,,,,,,,,,
,,,,,,,,,,,,,,,,,,,,,,,,,,,,,,,,,,,,,,,,,,,,,,,,,,,,,,,,,,,,,,,,,,,,,,,,,,,,,,,,,,,,,,
,,,,,,,,,,,,,,,,,,,,,,,,,,,,,,,,,,,,,,,,,,,,,,,,,,,,,,,,,,,,,,,,,,,,,,,,,,,,,,,,,,,,,,
,,,,,,,,,,,,,,,,,,,,,,,,,,,,,,,,,,,,,,,,,,,,,,,,,,,,,,,,,,,,,,,,,,,,,,,,,,,,,,,,,,,,,,
,,,,,,,,,,,,,,,,,,,,,,,,,,,,,,,,,,,,,,,,,,,,,,,,,,,,,,,,,,,,,,,,,,,,,,,,,,,,,,,,,,,,,,
,,,,,,,,,,,,,,,,,,,,,,,,,,,,,,,,,,,,,,,,,,,,,,,,,,,,,,,,,,,,,,,,,,,,,,,,,,,,,,,,,,,,,,
,,,,,,,,,,,,,,,,,,,,,,,,,,,,,,,,,,,,,,,,,,,,,,,,,,,,,,,,,,,,,,,,,,,,,,,,,,,,,,,,,,,,,,
,,,,,,,,,,,,,,,,,,,,,,,,,,,,,,,,,,,,,,,,,,,,,,,,,,,,,,,,,,,,,,,,,,,,,,,,,,,,,,,,,,,,,,
,,,,,,,,,,,,,,,,,,,,,,,,,,,,,,,,,,,,,,,,,,,,,,,,,,,,,,,,,,,,,,,,,,,,,,,,,,,,,,,,,,,,,,
,,,,,,,,,,,,,,,,,,,,,,,,,,,,,,,,,,,,,,,,,,,,,,,,,,,,,,,,,,,,,,,,,,,,,,,,,,,,,,,,,,,,,,
,,,,,,,,,,,,,,,,,,,,,,,,,,,,,,,,,,,,,,,,,,,,,,,,,,,,,,,,,,,,,,,,,,,,,,,,,,,,,,,,,,,,,,
,,,,,,,,,,,,,,,,,,,,,,,,,,,,,,,,,,,,,,,,,,,,,,,,,,,,,,,,,,,,,,,,,,,,,,,,,,,,,,,,,,,,,,
,,,,,,,,,,,,,,,,,,,,,,,,,,,,,,,,,,,,,,,,,,,,,,,,,,,,,,,,,,,,,,,,,,,,,,,,,,,,,,,,,,,,,,
,,,,,,,,,,,,,,,,,,,,,,,,,,,,,,,,,,,,,,,,,,,,,,,,,,,,,,,,,,,,,,,,,,,,,,,,,,,,,,,,,,,,,,
,,,,,,,,,,,,,,,,,,,,,,,,,,,,,,,,,,,,,,,,,,,,,,,,,,,,,,,,,,,,,,,,,,,,,,,,,,,,,,,,,,,,,,
,,,,,,,,,,,,,,,,,,,,,,,,,,,,,,,,,,,,,,,,,,,,,,,,,,,,,,,,,,,,,,,,,,,,,,,,,,,,,,,,,,,,,,
,,,,,,,,,,,,,,,,,,,,,,,,,,,,,,,,,,,,,,,,,,,,,,,,,,,,,,,,,,,,,,,,,,,,,,,,,,,,,,,,,,,,,,
,,,,,,,,,,,,,,,,,,,,,,,,,,,,,,,,,,,,,,,,,,,,,,,,,,,,,,,,,,,,,,,,,,,,,,,,,,,,,,,,,,,,,,
,,,,,,,,,,,,,,,,,,,,,,,,,,,,,,,,,,,,,,,,,,,,,,,,,,,,,,,,,,,,,,,,,,,,,,,,,,,,,,,,,,,,,,
,,,,,,,,,,,,,,,,,,,,,,,,,,,,,,,,,,,,,,,,,,,,,,,,,,,,,,,,,,,,,,,,,,,,,,,,,,,,,,,,,,,,,,
,,,,,,,,,,,,,,,,,,,,,,,,,,,,,,,,,,,,,,,,,,,,,,,,,,,,,,,,,,,,,,,,,,,,,,,,,,,,,,,,,,,,,,
,,,,,,,,,,,,,,,,,,,,,,,,,,,,,,,,,,,,,,,,,,,,,,,,,,,,,,,,,,,,,,,,,,,,,,,,,,,,,,,,,,,,,,
,,,,,,,,,,,,,,,,,,,,,,,,,,,,,,,,,,,,,,,,,,,,,,,,,,,,,,,,,,,,,,,,,,,,,,,,,,,,,,,,,,,,,,
,,,,,,,,,,,,,,,,,,,,,,,,,,,,,,,,,,,,,,,,,,,,,,,,,,,,,,,,,,,,,,,,,,,,,,,,,,,,,,,,,,,,,,
,,,,,,,,,,,,,,,,,,,,,,,,,,,,,,,,,,,,,,,,,,,,,,,,,,,,,,,,,,,,,,,,,,,,,,,,,,,,,,,,,,,,,,
,,,,,,,,,,,,,,,,,,,,,,,,,,,,,,,,,,,,,,,,,,,,,,,,,,,,,,,,,,,,,,,,,,,,,,,,,,,,,,,,,,,,,,
,,,,,,,,,,,,,,,,,,,,,,,,,,,,,,,,,,,,,,,,,,,,,,,,,,,,,,,,,,,,,,,,,,,,,,,,,,,,,,,,,,,,,,
,,,,,,,,,,,,,,,,,,,,,,,,,,,,,,,,,,,,,,,,,,,,,,,,,,,,,,,,,,,,,,,,,,,,,,,,,,,,,,,,,,,,,,
,,,,,,,,,,,,,,,,,,,,,,,,,,,,,,,,,,,,,,,,,,,,,,,,,,,,,,,,,,,,,,,,,,,,,,,,,,,,,,,,,,,,,,
,,,,,,,,,,,,,,,,,,,,,,,,,,,,,,,,,,,,,,,,,,,,,,,,,,,,,,,,,,,,,,,,,,,,,,,,,,,,,,,,,,,,,,
,,,,,,,,,,,,,,,,,,,,,,,,,,,,,,,,,,,,,,,,,,,,,,,,,,,,,,,,,,,,,,,,,,,,,,,,,,,,,,,,,,,,,,
,,,,,,,,,,,,,,,,,,,,,,,,,,,,,,,,,,,,,,,,,,,,,,,,,,,,,,,,,,,,,,,,,,,,,,,,,,,,,,,,,,,,,,
,,,,,,,,,,,,,,,,,,,,,,,,,,,,,,,,,,,,,,,,,,,,,,,,,,,,,,,,,,,,,,,,,,,,,,,,,,,,,,,,,,,,,,
,,,,,,,,,,,,,,,,,,,,,,,,,,,,,,,,,,,,,,,,,,,,,,,,,,,,,,,,,,,,,,,,,,,,,,,,,,,,,,,,,,,,,,
,,,,,,,,,,,,,,,,,,,,,,,,,,,,,,,,,,,,,,,,,,,,,,,,,,,,,,,,,,,,,,,,,,,,,,,,,,,,,,,,,,,,,,
,,,,,,,,,,,,,,,,,,,,,,,,,,,,,,,,,,,,,,,,,,,,,,,,,,,,,,,,,,,,,,,,,,,,,,,,,,,,,,,,,,,,,,
,,,,,,,,,,,,,,,,,,,,,,,,,,,,,,,,,,,,,,,,,,,,,,,,,,,,,,,,,,,,,,,,,,,,,,,,,,,,,,,,,,,,,,
,,,,,,,,,,,,,,,,,,,,,,,,,,,,,,,,,,,,,,,,,,,,,,,,,,,,,,,,,,,,,,,,,,,,,,,,,,,,,,,,,,,,,,
,,,,,,,,,,,,,,,,,,,,,,,,,,,,,,,,,,,,,,,,,,,,,,,,,,,,,,,,,,,,,,,,,,,,,,,,,,,,,,,,,,,,,,
,,,,,,,,,,,,,,,,,,,,,,,,,,,,,,,,,,,,,,,,,,,,,,,,,,,,,,,,,,,,,,,,,,,,,,,,,,,,,,,,,,,,,,
,,,,,,,,,,,,,,,,,,,,,,,,,,,,,,,,,,,,,,,,,,,,,,,,,,,,,,,,,,,,,,,,,,,,,,,,,,,,,,,,,,,,,,
,,,,,,,,,,,,,,,,,,,,,,,,,,,,,,,,,,,,,,,,,,,,,,,,,,,,,,,,,,,,,,,,,,,,,,,,,,,,,,,,,,,,,,
,,,,,,,,,,,,,,,,,,,,,,,,,,,,,,,,,,,,,,,,,,,,,,,,,,,,,,,,,,,,,,,,,,,,,,,,,,,,,,,,,,,,,,
,,,,,,,,,,,,,,,,,,,,,,,,,,,,,,,,,,,,,,,,,,,,,,,,,,,,,,,,,,,,,,,,,,,,,,,,,,,,,,,,,,,,,,
,,,,,,,,,,,,,,,,,,,,,,,,,,,,,,,,,,,,,,,,,,,,,,,,,,,,,,,,,,,,,,,,,,,,,,,,,,,,,,,,,,,,,,
