Country,Year,CPI_inflation,GDP_growth,Unemployment,Money_growth,Government_consumption,Exchange_rates,Imports_%,Echange_rates,%_change_exchange,HPI,HPI_growth,Average_wage_USD_PPP,Wage_growth,Interest_rate,Crude_oil_$/bbl,Crude_Oil_Change
Canada,2025,2.07232411149103,1.74268536175708,6.907,,21.9050614080929,1.39810565893901,32.1781181545045,1.39810565893901,,175.6915502,-0.9663405475342168,67900.601,0.19632551010102528,2.579792,67.4,-14.35832274459974
Canada,2024,2.38158383281173,2.04626605401701,6.351,,21.4371583416196,1.36935976604092,32.6523836990289,1.36935976604092,-2.056060120656722,177.4058953,3.2881686744729466,67767.556,1.0910319011363523,4.366375,78.7,-2.59900990099009
Canada,2023,3.87900159788426,1.95308552199025,5.415,,20.7162347510337,1.3499086407939,33.2328904516085,1.3499086407939,-1.4204539763320811,171.7581961,-2.055438617040528,67036.17,-0.44199359605248123,4.740917,80.8,-16.78681771369722
Canada,2022,6.80280115341613,4.69541985045903,5.279,,20.2954241620472,1.30155477474355,33.2319537399015,1.30155477474355,-3.5820102627028394,175.3626681,11.261579978195035,67333.781,-1.6072063727828767,2.177792,97.1,40.520984081041966
Canada,2021,3.39519318527528,5.95052804984759,7.527,,21.4119101053587,1.2538769021268,31.0717706707868,1.2538769021268,-3.6631476094537985,157.6129587,14.722917710132077,68433.651,0.5106293242380211,0.1130417,69.1,67.31234866828086
Canada,2020,0.716999632307827,-5.03823342794087,9.657,,22.7010770856854,1.34115267222386,31.6830809235097,1.34115267222386,6.960473548003376,137.3857655,6.473502837538869,68085.984,3.2078259824027233,0.4514583,41.3,-32.736156351791536
Canada,2019,1.94926902411593,1.90843193887251,5.69,,20.6634514308635,1.32679336266012,33.8187163722873,1.32679336266012,-1.0706692728673306,129.0328221,1.4636158361986062,65969.788,0.5697859981802722,1.655625,61.4,-10.102489019033678
Canada,2018,2.26822567248103,2.74296341402246,5.837,,20.6814141954507,1.29581792813534,34.2744514629593,1.29581792813534,-2.3346087941438554,127.1715196,3.6439118491295996,65596.031,1.7899779965167228,1.373583,68.3,29.356060606060595
Canada,2017,1.59688412852977,3.03383491841392,6.426,,20.7032830276468,1.29793584646039,33.6465721095408,1.29793584646039,0.16344258549485513,122.7004243,11.554753598953237,64442.524,1.6107463378084663,0.6880834,52.8,23.364485981308402
Canada,2016,1.42875954701085,1.03855091989323,7.038,,21.0480194121553,1.3256151637482,33.8610786779789,1.3256151637482,2.1325643608113953,109.9912109,9.991210899999992,63420.973,-1.9264294970093854,0.4865417,42.8,-15.748031496062998
Canada,2015,1.12524136094277,0.64997101491096,6.945,,20.8778041482202,1.27878620362554,34.3149066238487,1.27878620362554,-3.532621035372774,100.0,5.389859714069645,64666.732,0.7869792664145114,0.5274583,50.8,-47.1933471933472
Canada,2014,1.90663590717861,2.87346675579731,7.023,,20.2665398097849,1.10474713237886,32.6420535575987,1.10474713237886,-13.60970823373403,94.88578908,5.2967457081956715,64161.792,1.1576647951234476,0.9097083,96.2,-7.588856868395766
Canada,2013,0.938291897815317,2.32581356612762,7.143,,20.704487090186,1.03013736373016,31.8993710030569,1.03013736373016,-6.753560743628473,90.11274607,2.820941387468112,63427.514,1.0181461056448349,0.9661667,104.1,-0.8571428571428674
Canada,2012,1.51567823124517,1.75566133205234,7.392,,21.057925851495,0.999364743593074,32.2426469380987,0.999364743593074,-2.9872346369087532,87.64046006,4.755718722273428,62788.238,1.3572338858864663,0.9415833,105.0,0.9615384615384581
Canada,2011,2.91213508872351,3.1371944343876,7.637,,21.1457595858567,0.989258158636364,31.8201854265216,0.989258158636364,-1.0113009310667942,83.66174289,5.417651582161431,61947.466,1.3423395103975055,0.9116667,104.0,31.645569620253156
Canada,2010,1.77687154092627,3.09080633744851,8.178,,21.4753801201883,1.03011273517598,31.0406277835266,1.03011273517598,4.129819520107048,79.36217667,8.949434005175071,61126.935,0.17607815915481329,0.5617917,79.0,27.831715210355988
Canada,2009,0.299466803009299,-2.91508627059555,8.46,,21.9645435702208,1.1415354059127,29.9585003089726,1.1415354059127,10.816551133860619,72.84312892,-1.6360492252114556,61019.493,0.6568366800387526,0.3315417,61.8,-36.28865979381444
Canada,2008,2.37027067444299,0.995406371264522,6.284,14.9217682589394,19.7193918809639,1.06708691833333,32.6285240464345,1.06708691833333,-6.521785237125055,74.05470027,5.011391044546909,60621.31,1.752367181075698,2.336875,97.0,36.42756680731365
Canada,2007,2.13838399266837,2.04990459443619,6.156,-25.5506861418317,19.2505356033619,1.07404562166667,32.0538645842577,1.07404562166667,0.6521215107958334,70.52063546,11.387265544643665,59577.297,2.6705055252524756,4.142,71.1,10.57542768273716
Canada,2006,2.00202539534161,2.63794375302722,6.484,12.4794920805704,19.2483783285358,1.13434472583333,32.649050784309,1.13434472583333,5.614203247073402,63.31121885,11.172604919303431,58027.665,3.045172182927658,4.009459,64.3,20.411985018726586
Canada,2005,2.21355203439767,3.21045441502793,6.758,9.64519114148486,19.0757499551557,1.21140513416667,32.9021479545718,1.21140513416667,6.793385342073055,56.9485791,7.904986169300443,56312.842,2.8884995446258,2.695167,53.4,41.6445623342175
Canada,2004,1.85725871857256,3.09236381038156,7.185,5.46310787984703,19.4174699133429,1.301281595,32.8646240805555,1.301281595,7.4191910120272375,52.77659645,8.025843642425134,54731.911,2.160588336341074,2.219,37.7,30.4498269896194
Canada,2003,2.75856321360112,1.8063851195103,7.574,0.510667128492431,19.8961700554057,1.4010145475,32.9740568594072,1.4010145475,7.66420987457368,48.85552815,8.33883457152671,53574.389,0.030932923299231696,2.858417,28.9,16.06425702811245
Canada,2002,2.25839440940855,2.99925533832644,7.665,2.65552561640498,19.7786860731732,1.57034283416667,35.6483137567658,1.57034283416667,12.08611908911461,45.09512064,7.9851995955613875,53557.822,-0.8059933396553864,2.514625,24.9,2.049180327868849
Canada,2001,2.52512013979906,1.87509813099847,7.219,125.031003767194,19.5093203790186,1.548839955,36.3042633034376,1.548839955,-1.369311127406192,41.76046422,4.720826632942532,53993.002,-0.41159137246757904,3.859167,24.4,-13.475177304964546
Canada,2000,2.71943995691976,5.13853918994158,6.829,6.62329581424731,19.1064161806335,1.485394095,38.5561220292153,1.485394095,-4.0963470625343,39.8778978,4.381597892792977,54216.151,3.032130462152427,5.442333,28.2,55.80110497237567
Canada,1999,1.73484295105918,5.14100348449622,7.583,5.36227033311612,19.3206802127153,1.48570481916667,38.253730454798,1.48570481916667,0.020918634840128014,38.20395415,3.140162911600086,52620.625,0.8127901135209115,4.915108,18.1,38.167938931297726
Canada,1998,0.99594245665802,3.89288658501088,8.278,2.42054087792694,19.8366254207698,1.48350530166667,38.0520510601379,1.48350530166667,-0.14804539041838316,37.0408123,-1.3927238364958794,52196.378,1.67872510030318,5.068404,13.1,-31.770833333333336
Canada,1997,1.62121638084531,4.28016680422402,9.1,4.37212285001031,19.85332386514,1.38459802833333,36.2035999717718,1.38459802833333,-6.6671331219525065,37.56397473,2.4334522484963816,51334.611,3.061496730083979,3.557645,19.2,-5.882352941176472
Canada,1996,1.57053112507138,1.68896122145787,9.62,4.0452372668913,20.7605188908557,1.36352163583333,33.1616335246106,1.36352163583333,-1.522202983733123,36.67158912,-0.05997964580622961,49809.689,0.8870438838088468,4.449064,20.4,18.604651162790688
Canada,1995,2.14876033057849,2.68232826962129,9.489,4.82998544492887,21.6585439761622,1.37244541833333,32.9636937980162,1.37244541833333,0.6544657793087438,36.69359781,-4.3522910371172845,49371.74,-0.223808480438914,7.130799,17.2,8.176100628930815
Canada,1994,0.165562913907291,4.49404933882288,10.395,4.63057345927796,22.6779482102903,1.3656734475,31.6099559075321,1.3656734475,-0.4934236905066558,38.36327938,3.1917433477484547,49482.486,-1.1365054453506773,5.487709,15.9,-5.35714285714286
Canada,1993,1.86507936507939,2.65770683842972,11.377,1.90509505055276,23.8860993498314,1.29008788166667,29.1081967827564,1.29008788166667,-5.534673458848949,37.1766947,1.91705752929896,50051.322,-0.21660300036064895,5.102958,16.8,-11.578947368421044
Canada,1992,1.49013290374545,0.890466243956382,11.197,6.40097941786606,24.44462693963,1.20872292,26.5388983848248,1.20872292,-6.306931707749575,36.47740192,1.3613233991375928,50159.97,1.4598248991701812,6.677083,19.0,-2.0618556701030855
Canada,1991,5.62586408593005,-2.09105516498515,10.316,3.88294636022846,24.0167404559594,1.14572584416667,24.8701503192628,1.14572584416667,-5.211870710065636,35.98749572,4.5083855971858044,49438.258,0.3774968462407102,9.110209,19.4,-15.283842794759828
Canada,1990,4.78047693336304,0.202947848289654,,8.09337217122333,22.6182277236122,1.16677362666667,24.9201654634573,1.16677362666667,1.8370697149900472,34.43503171,-3.5813811911389215,49252.332,,13.02129,22.9,28.65168539325842
Canada,1989,4.98362189985958,2.33732982035617,,13.3913407458371,21.3687444068382,1.18397208416667,25.0202880078144,1.18397208416667,1.4740183619965874,35.71408939,12.899208344412273,,,12.17675,17.8,21.08843537414966
Canada,1988,4.02823414871611,4.41083906453277,,12.2326437824324,21.1214336075955,1.23070084666667,25.3128918126509,1.23070084666667,3.9467790773875855,31.6336048,18.00522543245775,,,9.61,14.7,-18.78453038674034
Canada,1987,4.3561087122174,4.07201567327779,,8.50209307980068,21.5055298640517,1.32598258166667,24.8629721974593,1.32598258166667,7.7420711343515025,26.80695256,17.162102904038633,,,8.409583,18.1,25.694444444444443
Canada,1986,4.19478629085621,2.12148088392294,,8.59086961639156,22.0929305204793,1.38947105916667,26.0775117254999,1.38947105916667,4.788032541136356,22.88022483,17.185383531865806,,,9.187917,14.4,-47.05882352941176
Canada,1985,3.96203054065205,4.73768071614444,,7.17714605224578,22.0544090619107,1.36550739166667,25.2950340681603,1.36550739166667,-1.7246611465496775,19.52481115,5.204794695650228,,,9.596042,27.2,-4.895104895104907
Canada,1984,4.30477830391737,5.89856946503677,,7.4585635359116,22.0352997709887,1.29506561083333,24.5401375799267,1.29506561083333,-5.158652473302416,18.55886056,-0.5842677928393769,,,11.22208,28.6,-3.703703703703698
Canada,1983,5.86358802977368,2.56225365883793,,2.40030013130745,22.6673090981591,1.23241182741667,21.7838866788824,1.23241182741667,-4.837884883403287,18.66793127,5.853374350869278,,,9.465834,29.7,-8.895705521472397
Canada,1982,10.7689718997139,-3.16615029457148,,5.95544743369586,22.949345794874,1.23373491166667,21.423253585312,1.23373491166667,0.10735731519011527,17.63565062,-5.046352095147954,,,14.37521,32.6,-8.169014084507042
Canada,1981,12.4716124148372,3.41506517464589,,29.6461590789623,21.4020056575397,1.19890312083333,25.7179157232909,1.19890312083333,-2.823279985348326,18.57290479,14.213076545452674,,,18.37563,35.5,-3.7940379403794022
Canada,1980,10.1292205085453,2.17719922747995,,12.111810213833,21.5109616586718,1.16922686666667,25.8104771039348,1.16922686666667,-2.475283753205404,16.26162726,12.46278064532207,,,13.12896,36.9,19.032258064516117
Canada,1979,9.14467697907181,3.72519945403704,,17.8466377972057,21.4169658821367,1.17142449583333,25.9095338638521,1.17142449583333,0.18795575343946158,14.45956357,10.39832279577151,,,11.96133,31.0,140.31007751937983
Canada,1978,8.97372335151214,3.73597640512338,,16.7982822378623,22.1431998295265,1.14065917075,24.3135611050031,1.14065917075,-2.6263173762167247,13.09762975,5.066079331375795,,,8.71375,12.9,2.3809523809523947
Canada,1977,7.9764453961457,3.53482658557137,,14.7475908891809,22.6790192058225,1.06344161083333,23.0563311966713,1.06344161083333,-6.769555875827338,12.46608785,4.898336435434758,,,7.492917,12.6,8.62068965517242
Canada,1976,7.54173862982148,5.88927591475903,,18.2684524644657,22.1715722102007,0.986028304083333,22.5825918221483,0.986028304083333,-7.279507023364895,11.88397097,12.066286827413752,,,9.276542,11.6,11.538461538461542
Canada,1975,10.672188595094,1.5454033371204,,15.8791895947974,22.3317832261733,1.01715926333333,23.8958704135898,1.01715926333333,3.15720746768402,10.60441218,11.61849715207528,,,8.02375,10.4,-5.454545454545457
Canada,1974,10.997171145686,3.35777594002199,,19.0749207011065,20.7555756301704,0.978017525583334,24.090850707713,0.978017525583334,-3.8481424847594314,9.500586776,27.487103906880694,,,10.55437,11.0,292.8571428571429
Canada,1973,7.48764728240211,6.72864152445543,,21.1499603088692,20.4010517120067,1.00009014,21.5992833982609,1.00009014,2.256873096778178,7.452194367,21.052631579802306,,,7.301333,2.8,55.555555555555536
Canada,1972,4.98802873104551,5.51966992842571,,14.5064661405611,21.0634347533532,0.990662555833334,20.6351858685632,0.990662555833334,-0.9426734440823537,6.156160564,8.204633208297851,,,5.098042,1.8,5.882352941176472
Canada,1971,2.70491803278685,4.01884505535331,,9.99613697820801,21.1149845224718,1.00981054416667,19.6912790023578,1.00981054416667,1.932846681303002,5.689368728,5.391658193362492,,,4.569292,1.7,41.66666666666667
Canada,1970,3.34603981363832,2.91871305007516,,9.71578160059835,20.9881295150224,1.04421874416667,19.6479537251949,1.04421874416667,3.4073916338826393,5.398310289,,,,7.453875,1.2,-7.692307692307699
Canada,1969,4.56155890168292,5.06703238381456,,8.46403461330449,19.4359555946181,1.0767805125,21.0417786197361,1.0767805125,3.118289967042842,,,,,7.794917,1.3,0.0
Canada,1968,4.05529953917047,5.00827413057785,,14.1005862388152,18.8494741459903,1.07747140083333,19.9044676077252,1.07747140083333,0.06416241056645955,,,,,6.818459,1.3,0.0
Canada,1967,3.57995226730312,3.06542075476872,,14.6526107259092,18.0883004029739,1.07871042416667,19.1848596258468,1.07871042416667,0.11499361675695319,,,,,5.847167,1.3,-7.142857142857128
Canada,1966,3.81565906838453,6.75969011323785,,28.7542700979276,16.7908633969768,1.07734156666667,19.2443298085026,1.07734156666667,-0.12689758709411025,,,,,6.256292,1.4,0.0
Canada,1965,2.33265720081135,6.31719994750095,,10.271220492215,15.9613284278992,1.07798428416667,18.602594729485,1.07798428416667,0.05965772786329371,,,,,4.950292,1.4,-6.666666666666677
Canada,1964,1.91214470284237,6.65599998250741,,9.93926007730536,16.0220845565781,1.07859841916667,18.0166514826746,1.07859841916667,0.05697068213519341,,,,,4.209375,1.5,0.0
Canada,1963,1.62815126050428,5.29744007975117,,11.617873651772,16.0175115991736,1.07851434416667,17.3998898123365,1.07851434416667,-0.007794838051489172,,,,,4.010708,1.5,0.0
Canada,1962,1.06157112526535,7.42783725181209,,2.85261489698891,15.9809779670372,1.06876922408333,17.9390953061044,1.06876922408333,-0.9035688895607352,,,,,4.316208,1.5,-6.25
Canada,1961,1.01876675603211,3.16329173248933,,8.47142955373719,16.0627542530726,1.01306251583333,18.2275459313842,1.01306251583333,-5.212229824242831,,,,,3.3675,1.6,0.0
Canada,1960,1.35869565217392,,,,,0.969766786666667,,0.969766786666667,-4.273747028439656,,,,,3.996667,1.6,
Germany,2025,2.17178770949721,0.239578342117881,3.711,,22.5148381063601,0.88496895841236,38.0780373654056,0.88496895841236,-8.744146471109671,152.67175,3.199122611346583,76284.517,1.9109564196413853,2.179261,67.4,-14.35832274459974
Germany,2024,2.2564981433876,-0.495851897260366,3.4,,21.9863385516647,0.923889546117607,37.6566712174028,0.923889546117607,4.397960779897958,147.939,-1.5492423486194618,74854.088,2.6052792269020575,3.571515,78.7,-2.59900990099009
Germany,2023,5.94643667725823,-0.869647578573321,3.071,,21.4537922077307,0.924839558470698,38.9952859590786,0.924839558470698,0.10282748160568289,150.267,-8.399333722452429,72953.447,-0.13729070665140508,3.432429,80.8,-16.78681771369722
Germany,2022,6.87257438551097,1.8092581243061,3.137,,21.7629762946215,0.949623753156941,43.1573498705316,0.949623753156941,2.679837217087244,164.04575,6.018764611887262,73053.743,-2.147059446774646,0.3415554,97.1,40.520984081041966
Germany,2021,3.06666666666673,3.90999994204108,3.594,,22.1929805504109,0.84549413889045,37.3996969318423,0.84549413889045,-10.965354849257004,154.73275,11.619053458682815,74656.666,-0.20048353728381318,-0.5487563,69.1,67.31234866828086
Germany,2020,0.144877925813982,-4.13191443239947,3.881,,22.2865083229007,0.875506396987998,33.8137258311309,0.875506396987998,3.549670744842004,138.62575,7.742453211465539,74806.641,-0.755599417922237,-0.4251596,41.3,-32.736156351791536
Germany,2019,1.44565976888253,0.977734697038784,3.163,,20.2841166093722,0.893276257067409,36.7329982359327,0.893276257067409,2.0296665039278405,128.664,5.773329359900514,75376.183,1.6460453957397148,-0.3563193,61.4,-10.102489019033678
Germany,2018,1.73216879766942,1.13569604599849,3.384,,19.8170953660859,0.846772667108111,36.6283346388937,0.846772667108111,-5.205958357380657,121.64125,6.624285614108905,74155.549,1.3378104485198161,-0.322093,68.3,29.356060606060595
Germany,2017,1.50949485109628,2.797906720551,3.781,,19.7410226485175,0.885205508269372,35.2518818760857,0.885205508269372,4.53874370939682,114.084,6.181198824490242,73176.585,1.0751176075201707,-0.3290561,52.8,23.364485981308402
Germany,2016,0.491747008445174,2.22222216259371,4.104,,19.8387899386895,0.903421436257263,34.3704482647463,0.903421436257263,2.057819095986435,107.44275,7.442750000000009,72398.219,1.6201399902394442,-0.2636957,42.8,-15.748031496062998
Germany,2015,0.514426137125456,1.66300602334775,4.612,,19.6286398253337,0.901296423367096,35.1711839535087,0.901296423367096,-0.23521833829520666,100.0,4.758387873169023,71243.967,2.442007270130464,-0.0193757,50.8,-47.1933471933472
Germany,2014,0.906794000434246,2.18018602168017,4.979,,19.5519807537017,0.752728196932603,35.1546840812607,0.752728196932603,-16.483836236636385,95.45775,3.1337361470873626,69545.657,1.6156034271158637,0.2099457,96.2,-7.588856868395766
Germany,2013,1.50472330251876,0.396995583779145,5.316,,19.6050556780441,0.752945122701996,35.9057450252575,0.752945122701996,0.028818605477654025,92.55725,3.1037306034242595,68439.939,0.9149323961506584,0.2206612,104.1,-0.8571428571428674
Germany,2012,2.00848884782956,0.463512036709204,5.372,,19.250307221857,0.778338120416812,36.6460661312909,0.778338120416812,3.3724898334810183,89.771,3.384399229548918,67819.437,1.1980202208215385,0.5731811,105.0,0.9615384615384581
Germany,2011,2.07517283735874,3.75796884489337,5.967,,19.0549016895348,0.718413898653317,36.7893742423305,0.718413898653317,-7.698996129266389,86.83225,3.5507827523187485,67016.565,1.7426438666445332,1.3906,104.0,31.645569620253156
Germany,2010,1.1038103778926,4.13463778522758,7.043,,19.5782446104785,0.754308990105961,34.389888577044,0.754308990105961,4.996436110149061,83.85475,1.0578232522265196,65868.708,0.8399966552368854,0.8109539,79.0,27.831715210355988
Germany,2009,0.312739007368447,-5.54455451920674,7.88,,19.9998396131469,0.716957702016136,30.6846112824132,0.716957702016136,-4.951722514215051,82.977,0.7880041176631325,65320.022,0.26090697318210676,1.22835,61.8,-36.28865979381444
Germany,2008,2.62837981637219,0.887902330743628,7.508,,18.3532487795835,0.679922680042729,35.1642927763703,0.679922680042729,-5.165579764226225,82.32825,1.4103894584166055,65150.041,0.428622617297747,4.634233,97.0,36.42756680731365
Germany,2007,2.29834400700951,2.8891174138025,8.732,,17.9745262015089,0.729672399984083,34.2470360551014,0.729672399984083,7.3169672672527275,81.18325,-2.20652894055291,64871.985,-0.3914525307090355,4.277596,71.1,10.57542768273716
Germany,2006,1.57742642840563,3.86668241523209,10.277,,18.4550198254045,0.796432730949102,33.7897435474697,0.796432730949102,9.14935674783306,83.015,-0.3208967096830384,65126.926,0.20708749731794818,3.079212,64.3,20.411985018726586
Germany,2005,1.54691114751328,0.885485292551564,11.193,,18.9329710067033,0.803800192161442,30.9999527026155,0.803800192161442,0.925057563061249,83.28225,1.1117990930779031,64992.335,0.1155007008526443,2.184689,53.4,41.6445623342175
Germany,2004,1.66573696655992,1.16208684507278,10.727,,19.0500819872309,0.803921647747618,28.9712783030388,0.803921647747618,0.015110171328691635,82.3665,-1.461039446569623,64917.355,-0.019856692985364965,2.106323,37.7,30.4498269896194
Germany,2003,1.03422218628562,-0.529801394291297,9.779,,19.5718512502176,0.88404792718493,27.6466991846698,0.88404792718493,9.966926461279568,83.58775,0.36682486364141287,64930.248,0.33507739230793643,2.333474,28.9,16.06425702811245
Germany,2002,1.42080615551526,-0.228255715793637,8.482,,19.5364673287277,1.05755899623965,27.1421182354634,1.05755899623965,19.626884891550024,83.28225,-1.3114860941591755,64713.408,0.3616068878648626,3.318602,24.9,2.049180327868849
Germany,2001,1.98385731334471,1.63614170690956,7.773,,19.2505681999335,1.11653308564462,28.9988749869052,1.11653308564462,5.576434942604935,84.389,0.04475333797662184,64480.243,0.677492329225271,4.26178,24.4,-13.475177304964546
Germany,2000,1.44026838719741,2.8765231247659,7.917,,19.4381262736775,1.08270508132602,29.5149460477259,1.08270508132602,-3.0297359526135215,84.35125,0.4952924719150653,64046.334,0.597332618603752,4.391766,28.2,55.80110497237567
Germany,1999,0.585434192138622,2.12957016297766,8.854,,19.6219502801795,0.938283072395283,25.4893512545493,0.938283072395283,-13.338997980304956,83.93552367,0.10121458255167859,63666.036,1.3325785201698803,2.963488,18.1,38.167938931297726
Germany,1998,0.911184687196224,2.09561231172233,9.787,,19.2703393643902,1.7596676,24.4953048741291,1.7596676,87.54122841711904,83.85065458,-0.9027081217415689,62828.793,1.1165961932306123,3.544167,13.1,-31.770833333333336
Germany,1997,1.93936968221574,1.85432238398302,9.861,,19.5504732663,1.73405583333333,23.6789210951718,1.73405583333333,-1.4554889040788166,84.61447633,-1.7733990211030837,62134.996,-0.3872417170146525,3.325,19.2,-5.882352941176472
Germany,1996,1.44972701963239,1.0378755674358,8.822,,19.8855104326544,1.50477416666667,21.6214170158045,1.50477416666667,-13.222277060474907,86.14211984,-1.3365735123224698,62376.544,1.1262059639914668,3.305,20.4,18.604651162790688
Germany,1995,1.70616041317076,1.50499384201356,8.158,,19.6370918928592,1.4331325,21.1246203807509,1.4331325,-4.760958039661767,87.30906974,1.4796547545348204,61681.879,2.0695138405718128,4.531667,17.2,8.176100628930815
Germany,1994,2.69305639854954,2.59685569693275,8.727,,19.472040565391,1.62279416666667,20.4900381932732,1.62279416666667,13.234063610075841,86.03603348,4.134565993772643,60431.246,0.2558786509151645,5.364167,15.9,-5.35714285714286
Germany,1993,4.47457650752808,-0.973033082340891,7.675,,19.5280366918183,1.65332083333333,19.8703722671765,1.65332083333333,1.881117599120019,82.62005287,4.818304171704257,60277.01,0.7251231779971778,7.295,16.8,-11.578947368421044
Germany,1992,5.05697796731731,2.01361340926105,6.323,,19.3603682108206,1.56165,22.5944943826796,1.56165,-5.544648775066152,78.82216138,5.41997729682413,59843.074,5.883034451178859,9.5175,19.0,-2.0618556701030855
Germany,1991,4.04703259753466,5.10826150190911,5.316,,18.8120205326682,1.65954166666667,24.0694014237156,1.65954166666667,6.268476718001481,74.76966264,4.507710562937839,56518.095,0.0,9.246667,19.4,-15.283842794759828
Germany,1990,2.69646824292392,5.25500610110028,,,19.2384556483421,1.61573333333333,22.9485429079431,1.61573333333333,-2.639785081222623,71.54463746,7.869481765314057,56518.095,,8.488334,22.9,28.65168539325842
Germany,1989,2.78056955569751,3.89655170553733,,,19.6219736485137,1.88004166666667,22.8374734351419,1.88004166666667,16.358413104473122,66.32518882,3.236459712946571,,,7.118333,17.8,21.08843537414966
Germany,1988,1.27411894006923,3.70723567991882,,,20.5912937542515,1.756225,21.3627006956187,1.756225,-6.5858469448817125,64.24589627,1.713134018455964,,,4.330833,14.7,-18.78453038674034
Germany,1987,0.24990610870503,1.4021515883601,,,20.8421626510804,1.79739166666667,20.9341818413324,1.79739166666667,2.344042857075279,63.16381546,-0.8327781441306747,,,4.0325,18.1,25.694444444444443
Germany,1986,-0.129413360854742,2.28733925852798,,,20.6233954524417,2.17148333308333,21.5829962584816,2.17148333308333,20.81302997862602,63.69424723,0.26720107327344866,,,4.635,14.4,-47.05882352941176
Germany,1985,2.0662330121658,2.32793520067574,,,20.7414353715863,2.9439666665,24.8904358052568,2.9439666665,35.57399320766632,63.52450906,-1.0901883059625694,,,5.448333,27.2,-4.895104895104907
Germany,1984,2.4057933993196,2.82294783585535,,,20.812595034302,2.84594166616667,24.4327563924466,2.84594166616667,-3.3296912444280236,64.224679,-2.1654815772709,,,5.985833,28.6,-3.703703703703698
Germany,1983,3.29341474302854,1.57241014192158,,,21.0153215619521,2.55325833241667,23.2040762040753,2.55325833241667,-10.284235170014167,65.64623615,0.25923524502780015,,,5.776667,29.7,-8.895705521472397
Germany,1982,5.24104507228422,-0.394840735634787,,,21.2718051024066,2.42659166575,23.4369613217397,2.42659166575,-4.9609812316476205,65.47649799,1.0147299542886845,,,8.878333,32.6,-8.169014084507042
Germany,1981,6.34424277746325,0.529240541969116,,,21.582796660879,2.25999999908333,23.9655690477422,2.25999999908333,-6.865253392979942,64.81876259,6.930346521587216,,,12.105,35.5,-3.7940379403794022
Germany,1980,5.44105754460347,1.40882864441943,,,21.0360486410707,1.81766666583333,23.1529332883341,1.81766666583333,-19.572271390681994,60.61774295,7.5677710841369095,,,9.536667,36.9,19.032258064516117
Germany,1979,4.04362006473399,4.15036333786591,,,20.5496486151801,1.8328833325,21.3263411041524,1.8328833325,0.8371538606444018,56.3530715,8.807865623256195,,,6.686666,31.0,140.31007751937983
Germany,1978,2.71869696123339,3.00849288842491,,,20.6387431999077,2.00862499916667,19.4766248118585,2.00862499916667,9.58826257790033,51.79135826,7.249560637056174,,,3.7,12.9,2.3809523809523947
Germany,1977,3.73416240635147,3.34721808033223,,,20.5165478338671,2.32218333241667,20.0547831357242,2.32218333241667,15.610595973867092,48.29050856,5.5658627143573725,,,4.365,12.6,8.62068965517242
Germany,1976,4.24663102299209,4.94925843456397,,,20.5542527787158,2.51799999908333,20.2286113296667,2.51799999908333,8.432437867120314,45.74443605,2.228544329070914,,,4.248333,11.6,11.538461538461542
Germany,1975,5.91033626324104,-0.866738936529003,,,21.0897627437414,2.46029166608333,18.7315524797613,2.46029166608333,-2.291832129507876,44.74722432,1.9025472050793413,,,4.959167,10.4,-5.454545454545457
Germany,1974,6.98643109327497,0.890068699312494,,,19.9647481449752,2.587749999,18.6515578565261,2.587749999,5.180618813361182,43.91178194,7.180402620783477,,,9.9025,11.0,292.8571428571429
Germany,1973,7.03202399303898,4.77748690945469,,,18.526066210406,2.67259999908333,16.2917172407491,2.67259999908333,3.2789102547046145,40.96997293,6.9671986534334485,,,12.1425,2.8,55.555555555555536
Germany,1972,5.4849331221432,4.30034129247663,,,17.8369618400041,3.18864166566667,16.123979879369,3.18864166566667,19.308600866584456,38.30143581,6.446710604090877,,,5.610833,1.8,5.882352941176472
Germany,1971,5.24097448273094,3.13269976979846,,,17.4783325872349,3.50739351008637,16.2275656527685,3.50739351008637,9.996477429616002,35.9817937,9.78894279883098,,,7.148334,1.7,41.66666666666667
Germany,1970,3.45024936360895,5.10314457629295,,,16.371270884919,3.66000000266,16.5251634425266,3.66000000266,4.350994324839008,32.77360432,,,,9.406667,1.2,-7.692307692307699
Germany,1969,1.91267848797596,7.41810273162662,,,,3.94333333594333,,3.94333333594333,7.7413478982899075,,,,,5.785833,1.3,0.0
Germany,1968,1.470289313277,5.66877310370654,,,,4.000000003,,4.000000003,1.437024522886654,,,,,3.808333,1.3,0.0
Germany,1967,1.79604992213175,-0.330256452713016,,,,4.000000003,,4.000000003,0.0,,,,,4.2675,1.3,-7.142857142857128
Germany,1966,3.53306035477689,2.81218130587229,,,,4.000000003,,4.000000003,0.0,,,,,6.626667,1.4,0.0
Germany,1965,3.24231923668133,5.24416402432635,,,,4.000000003,,4.000000003,0.0,,,,,5.135,1.4,-6.666666666666677
Germany,1964,2.33573581177832,6.63946989651858,,,,4.000000003,,4.000000003,0.0,,,,,4.089167,1.5,0.0
Germany,1963,2.9669597758771,2.73529643602564,,,,4.000000003,,4.000000003,0.0,,,,,3.980833,1.5,0.0
Germany,1962,2.84327019799062,4.6234710102125,,,,4.000000003,,4.000000003,0.0,,,,,3.421667,1.5,-6.25
Germany,1961,2.29369500700884,4.29843950975808,,,,4.03333333636667,,4.03333333636667,0.8333333335417414,,,,,3.593333,1.6,0.0
Germany,1960,1.53661234295201,,,,,4.2000000032,,4.2000000032,4.132231405983111,,,,,5.099167,1.6,
France,2025,0.943770212469976,0.840949955479587,7.542,,24.362352052313,0.88496895841236,33.7995547693485,0.88496895841236,-78.92931053004529,126.975,0.5941770647653,60483.173,1.0329644348044287,2.179261,67.4,-14.35832274459974
France,2024,1.99904942291463,1.19046798275883,7.4,,24.1796131435876,0.923889546117607,34.2184333099912,0.923889546117607,4.397960779897958,126.225,-4.04789053591792,59864.791,0.4257233474626476,3.571515,78.7,-2.59900990099009
France,2023,4.8783572650844,1.43921494437743,7.335,,24.1335073268869,0.924839558470698,36.1698881831383,0.924839558470698,0.10282748160568289,131.55,-0.6607513686992639,59611.013,-2.3480720477146666,3.432429,80.8,-16.78681771369722
France,2022,5.22236748369725,2.71676264185913,7.303,,24.6248865673257,0.949623753156941,39.3469593713211,0.949623753156941,2.679837217087244,132.425,6.301424844471204,61044.379,0.3166831636113532,0.3415554,97.1,40.520984081041966
France,2021,1.64233141038394,6.88233783360239,7.871,,24.9318498691222,0.84549413889045,32.5004326976615,0.84549413889045,-10.965354849257004,124.575,6.6566780821917915,60851.672,4.327967531354027,-0.5487563,69.1,67.31234866828086
France,2020,0.476498852725065,-7.44064589948231,8.009,,25.3398365561446,0.875506396987998,30.2816679047993,0.875506396987998,3.549670744842004,116.8,5.558065973791226,58327.286,-4.832711437641624,-0.4251596,41.3,-32.736156351791536
France,2019,1.10825492288294,2.02744646419237,8.415,,23.5183661191968,0.893276257067409,33.5394177830602,0.893276257067409,2.0296665039278405,110.65,3.2905484247374606,61289.217,1.01770415157576,-0.3563193,61.4,-10.102489019033678
France,2018,1.85081508315493,1.64590872395887,9.018,,23.8446408341,0.846772667108111,33.8842788890102,0.846772667108111,-5.205958357380657,107.125,3.02957441692715,60671.758,-0.4526132810939276,-0.322093,68.3,29.356060606060595
France,2017,1.03228275064681,2.08361485997399,9.409,,24.1919805138631,0.885205508269372,33.0840141110421,0.885205508269372,4.53874370939682,103.975,3.0220460738171973,60947.615,1.3762122312466651,-0.3290561,52.8,23.364485981308402
France,2016,0.183334861123765,0.860031075424033,10.057,,24.1199645562687,0.903421436257263,31.8445463682721,0.903421436257263,2.057819095986435,100.925,0.924999999999998,60120.233,1.0686556784460954,-0.2636957,42.8,-15.748031496062998
France,2015,0.0375143805125182,1.06675474783462,10.354,,24.0699697865215,0.901296423367096,31.8111924693795,0.901296423367096,-0.23521833829520666,100.0,-1.8886436104979087,59484.548,0.7685316957090071,-0.0193757,50.8,-47.1933471933472
France,2014,0.50775882293799,0.997832947295251,10.273,,24.3650803342345,0.752728196932603,31.4574540364356,0.752728196932603,-16.483836236636385,101.925,-1.8063583815028927,59030.877,0.6417671415632764,0.2099457,96.2,-7.588856868395766
France,2013,0.863715497861804,0.781756446231,9.913,,24.3749917171768,0.752945122701996,31.2279485306189,0.752945122701996,0.028818605477654025,103.8,-2.0523708421797515,58654.452,0.9537503407898607,0.2206612,104.1,-0.8571428571428674
France,2012,1.9541953161351,0.183835264973013,9.841,,24.221669371356,0.778338120416812,31.3032784243658,0.778338120416812,3.3724898334810183,105.975,-0.5396527451900557,58100.32,0.6260464358416096,0.5731811,105.0,0.9615384615384581
France,2011,2.11159795175,2.43757653729007,9.228,,23.9675950446463,0.718413898653317,31.0667881455656,0.718413898653317,-7.698996129266389,106.55,5.940840169028072,57738.848,0.12485857124906463,1.3906,104.0,31.645569620253156
France,2010,1.53112270420919,2.00032476039051,9.279,,24.1680736361072,0.754308990105961,28.7610671562408,0.754308990105961,4.996436110149061,100.575,5.094043887147337,57666.846,1.8540931582663456,0.8109539,79.0,27.831715210355988
France,2009,0.0876204781574653,-2.82455153714783,9.122,,24.3002289135229,0.716957702016136,26.3181640716005,0.716957702016136,-4.951722514215051,95.7,-7.1099247755399215,56617.112,3.293177081085119,1.22835,61.8,-36.28865979381444
France,2008,2.81286194914785,0.380171435849121,7.386,,22.7021994023416,0.679922680042729,29.9807331629246,0.679922680042729,-5.165579764226225,103.025,0.9306882194464849,54812.054,-0.2674809261199451,4.634233,97.0,36.42756680731365
France,2007,1.4879980595386,2.53048188351066,8.008,,22.6031042332269,0.729672399984083,29.2940266620733,0.729672399984083,7.3169672672527275,102.075,6.5223062875032545,54959.059,0.5394023975362705,4.277596,71.1,10.57542768273716
France,2006,1.67512449608726,2.71406448755236,8.832,,22.9243083284869,0.796432730949102,28.9414290456532,0.796432730949102,9.14935674783306,95.825,12.043262204033912,54664.199,1.0832514737771248,3.079212,64.3,20.411985018726586
France,2005,1.74586936380487,1.88856584109286,8.882,,23.2676164215078,0.803800192161442,27.65927959839,0.803800192161442,0.925057563061249,85.525,15.457306783665214,54078.394,1.3699027119953522,2.184689,53.4,41.6445623342175
France,2004,2.14208964640239,2.86825052501032,8.914,,23.2485826224361,0.803921647747618,26.2116609694066,0.803921647747618,0.015110171328691635,74.075,15.02329192546583,53347.584,1.5750500729602823,2.106323,37.7,30.4498269896194
France,2003,2.09847219146919,0.967827182558352,8.306,,23.3944403323453,0.88404792718493,25.4619146196714,0.88404792718493,9.966926461279568,64.4,11.902693310165091,52520.362,0.9703118569242886,2.333474,28.9,16.06425702811245
France,2002,1.92341228727064,1.06775027069419,8.702,,22.9264417640312,1.05755899623965,26.4018230910334,1.05755899623965,19.626884891550024,57.55,8.636149126946657,52015.648,2.6988016424258854,3.318602,24.9,2.049180327868849
France,2001,1.63478079549599,1.89946701186636,8.61,,22.3707737987828,1.11653308564462,27.4626293461303,1.11653308564462,5.576434942604935,52.975,7.892057026476573,50648.739,0.615124337465689,4.26178,24.4,-13.475177304964546
France,2000,1.67595988720928,4.14099996402915,10.218,,22.5671731170038,1.08270508132602,28.0279980425069,1.08270508132602,-3.0297359526135215,49.1,8.74861572535992,50339.091,0.8034766893858514,4.391766,28.2,55.80110497237567
France,1999,0.537141639134596,3.39930808809441,11.981,,22.8751429955818,0.938283072395283,24.4636841396038,0.938283072395283,-13.338997980304956,45.15,6.927175843694489,49937.852,2.1531826472939386,2.963488,18.1,38.167938931297726
France,1998,0.651126867833073,3.45259434279616,12.074,,22.882743269493,5.89951566666667,24.1686656996833,5.89951566666667,528.7564851411178,42.225,1.9927536231884035,48885.263,1.3933362670905725,3.557108,13.1,-31.770833333333336
France,1997,1.20394294026964,2.5270616339357,12.566,,23.6993641470231,5.83669166666667,23.1731284270416,5.83669166666667,-1.0649009774644225,41.4,-0.3610108303249038,48213.487,1.2405681786803457,3.462833,19.2,-5.882352941176472
France,1996,1.98288365089739,1.39707987198881,12.367,,23.7415432258114,5.1155225,21.9894774043751,5.1155225,-12.355786597144846,41.55,-0.9905711540885043,47622.695,0.3513023995858289,3.935625,20.4,18.604651162790688
France,1995,1.79648142095589,2.30479278392259,11.834,,23.46371205066,4.9914825,21.7420067714481,4.9914825,-2.4247767456794467,41.96570012,-3.930869491100597,47455.981,1.5795067372865956,6.578183,17.2,8.176100628930815
France,1994,1.65551532926999,2.38366086110145,12.593,,23.5003585798804,5.552045,21.0008368568964,5.552045,11.230380953955056,43.68281455,-0.2871352362495583,46718.066,0.43204982151827664,5.846675,15.9,-5.35714285714286
France,1993,2.10446277124642,-0.35899781051468,11.32,,23.736291662973,5.66323,19.9093069269938,5.66323,2.0025954400585855,43.80860449,-0.8538553070574495,46517.089,1.3212225549492418,8.586859,16.8,-11.578947368421044
France,1992,2.36376046269356,1.5160611169627,10.203,,22.6294945838815,5.29381583333333,21.517950603772,5.29381583333333,-6.523029554983117,44.18588804,-1.9534732446362502,45910.509,0.9604462424240401,10.34462,19.0,-2.0618556701030855
France,1991,3.21340732409677,1.23666248297356,9.134,,22.0121754693475,5.64211666666667,22.5394312881118,5.64211666666667,6.579390826938303,45.06624508,3.3653576695154896,45473.758,1.2068616365041196,9.615025,19.4,-15.283842794759828
France,1990,3.19428338029482,2.82962715326478,,,21.5268989251465,5.445275,22.59758568885,5.445275,-3.488791145167214,43.59898335,7.437996023870519,44931.497,,10.3214,22.9,28.65168539325842
France,1989,3.49830220700752,4.40516927190527,,,21.4823889770635,6.38014166666667,23.2110051386235,6.38014166666667,17.16840135101847,40.58059994,8.641981975175938,,,9.398808,17.8,21.08843537414966
France,1988,2.70081527508114,4.81422400170246,,,22.0360623427036,5.95694166666667,21.8023850552862,5.95694166666667,-6.6330815538317545,37.35259538,9.729122804818324,,,7.942167,14.7,-18.78453038674034
France,1987,3.28889821400136,2.55274621143047,,,22.4953516061376,6.01070833333333,21.3916599649524,6.01070833333333,0.9025884367396486,34.04073087,9.878218726275922,,,8.268942,18.1,25.694444444444443
France,1986,2.53852591781413,2.38953554470334,,,22.6592535833844,6.92609166666667,21.1202179601987,6.92609166666667,15.229208981193398,30.98041747,7.725900005071495,,,7.7095,14.4,-47.05882352941176
France,1985,5.83109973854514,1.56907436604108,,,23.0009259811418,8.98522499975,24.4680878029166,8.98522499975,29.730090680049194,28.75855989,6.191946156592953,,,9.943334,27.2,-4.895104895104907
France,1984,7.67380262247318,1.60947146551595,,,22.9406524842892,8.73909999958333,24.4949584840299,8.73909999958333,-2.7392191088539186,27.08167703,1.8927762297326511,,,11.7025,28.6,-3.703703703703698
France,1983,9.45954847235315,1.26205761797051,,,22.7809327925092,7.62129166575,23.5493970165708,7.62129166575,-12.79088617691324,26.57860354,3.2572700527187637,,,12.4675,29.7,-8.895705521472397
France,1982,11.9784719523805,2.44251268690125,,,22.6184063966765,6.57209999908333,24.7583430182574,6.57209999908333,-13.766585936892106,25.74017648,5.137012042141698,,,14.61583,32.6,-8.169014084507042
France,1981,13.3144055680073,1.18831474293866,,,22.1402366826389,5.43460833258333,24.2953175449803,5.43460833258333,-17.30788738239919,24.48250714,12.959434440059203,,,15.25917,35.5,-3.7940379403794022
France,1980,13.5625788483016,1.67641337198611,,,21.4125700103953,4.22557499908333,23.2435741526281,4.22557499908333,-22.24692672425371,21.67371611,20.23253808881924,,,12.20917,36.9,19.032258064516117
France,1979,10.6467341716662,3.69531078677157,,,20.8113957594934,4.25441666608333,20.9228306073706,4.25441666608333,0.682550114629521,18.02649803,13.756669470203708,,,9.483334,31.0,140.31007751937983
France,1978,9.25055846724441,3.94936216342872,,,20.912150652517,4.51309999933333,19.8378035751119,4.51309999933333,6.080347872653191,15.84654167,10.5262946301645,,,8.156667,12.9,2.3809523809523947
France,1977,9.49455467190426,3.55415568976466,,,20.518368765202,4.90517332253217,21.0739660001474,4.90517332253217,8.687450383478247,14.33734997,14.381223313135362,,,9.215834,12.6,8.62068965517242
France,1976,9.62549578155533,4.33755647481964,,,20.2537117814883,4.8028783632131,20.9762509014128,4.8028783632131,-2.0854504538947216,12.53470592,14.999907663045464,,,8.69,11.6,11.538461538461542
France,1975,11.6859272493228,-0.945609616912307,,,19.9344643807402,4.28779951537657,18.5114150051224,4.28779951537657,-10.724378359895537,10.89975303,10.6382420016778,,,7.923333,10.4,-5.454545454545457
France,1974,13.6493174728138,4.41471376407343,,,18.3809412631859,4.80961847285583,22.4990400589664,4.80961847285583,12.169854388199708,9.851704829,18.0907796664586,,,13.01917,11.0,292.8571428571429
France,1973,7.38060106398917,6.19458406640176,,,17.9346505789943,4.45277967399083,17.5166005344562,4.45277967399083,-7.419274540774934,8.342484364,11.172983100681178,,,9.129167,2.8,55.555555555555536
France,1972,6.06300309718186,4.51410759995832,,,17.7045866497526,5.04454451564062,16.4279747217302,5.04454451564062,13.289784920335347,7.504057309,12.578847004714323,,,5.506667,1.8,5.882352941176472
France,1971,5.39751865595111,5.29344622836985,,,17.6407374501499,5.54060135472093,16.0837049624346,5.54060135472093,9.833530808228264,6.665601495,1.9230008070687754,,,6.286667,1.7,41.66666666666667
France,1970,5.29964124562667,6.20017438615466,,,17.2896934012562,5.55419000455419,16.0083636789284,5.55419000455419,0.24525586598433957,6.539840313,,,,8.925,1.2,-7.692307692307699
France,1969,6.045962841739,7.09364697994077,,,17.0570036199615,5.1941975041942,15.2702760938892,5.1941975041942,-6.481458143578312,,,,,,1.3,0.0
France,1968,4.54320486402014,4.54401821190027,,,16.8778000289035,4.93706000393706,13.9322212358321,4.93706000393706,-4.950475988822278,,,,,,1.3,0.0
France,1967,2.79177709435142,4.80177080876672,,,16.4182026431322,4.93706000393706,13.6384809078369,4.93706000393706,0.0,,,,,,1.3,-7.142857142857128
France,1966,2.60200076636451,5.16354274190655,,,16.1944190874648,4.93706000393706,13.4919660579776,4.93706000393706,0.0,,,,,,1.4,0.0
France,1965,2.70310455873084,4.83875011249243,,,16.1034553573309,4.93706000393706,12.8707058154475,4.93706000393706,0.0,,,,,,1.4,-6.666666666666677
France,1964,3.21119170293105,6.58280685437494,,,16.0807614800109,4.93706000393706,13.4113718557875,4.93706000393706,0.0,,,,,,1.5,0.0
France,1963,4.9991528979685,6.1033388581149,,,16.0521753670306,4.93706000393706,12.6955432620489,4.93706000393706,0.0,,,,,,1.5,0.0
France,1962,5.33128007065639,6.85626464484753,,,15.6656713253353,4.93706000393706,12.4015407177059,4.93706000393706,0.0,,,,,,1.5,-6.25
France,1961,2.40046104546311,4.94642545980355,,,15.3514090985528,4.93706000393706,12.7162118049717,4.93706000393706,0.0,,,,,,1.6,0.0
France,1960,4.13993575518437,,,,14.9808613979221,4.93706000393706,12.8405545369745,4.93706000393706,0.0,,,,,,1.6,
United Kingdom,2025,3.88306881626,1.38844207858726,4.746,,21.225279708513,0.759473957338608,31.8603712472379,0.759473957338608,-84.61687812720596,147.3316317,2.906674212206428,66299.139,0.69424495604129,4.125,67.4,-14.35832274459974
United Kingdom,2024,3.2715729463592,1.08027716858781,4.361,2.56374043540393,20.9036038740505,0.782414580986262,31.7829084706465,0.782414580986262,3.0205938499910934,143.1701421,0.7439489584895487,65842.034,1.9175936575408725,5.001667,78.7,-2.59900990099009
United Kingdom,2023,6.79396706793963,0.271650048355255,4.025,-2.63048241290666,20.6153775719761,0.804538906734353,33.0801144117865,0.804538906734353,2.8276985482814654,142.1128947,0.2948223085846857,64603.207,-0.8157865057395131,4.950833,80.8,-16.78681771369722
United Kingdom,2022,7.92204883147902,5.14970388522993,3.768,8.60749957375268,20.5575158594765,0.811301715827773,35.1369980576912,0.811301715827773,0.8405819826502237,141.6951458,9.265710366832923,65134.566,-2.003040506256548,2.000833,97.1,40.520984081041966
United Kingdom,2021,2.51837109614213,8.5431118453255,4.864,9.73272949147508,21.8969522769662,0.727064944688323,29.2489791841395,0.727064944688323,-10.38291544268498,129.6794258,8.128857670209921,66465.905,1.411785718448888,0.09,69.1,67.31234866828086
United Kingdom,2020,0.989486703772491,-10.047896637362,4.472,9.7064401774406,22.3195997590271,0.779999576697153,29.2112372453782,0.779999576697153,7.28059197401163,119.9304502,2.859207384915141,65540.612,-1.4130874453687547,0.295,41.3,-32.736156351791536
United Kingdom,2019,1.73810460086513,1.25629899760824,3.657,-1.36415811942606,18.8950896176188,0.783445110011929,33.1007061373899,0.783445110011929,0.44173528008384366,116.5967085,1.00815840283901,66480.033,1.393975828164007,0.80785,61.4,-10.102489019033678
United Kingdom,2018,2.29283990345938,1.55133095078786,4.145,5.29982604936391,18.3195114661863,0.749531540259847,33.0552381952321,0.749531540259847,-4.328774194731466,115.4329614,3.227847416189644,65566.058,0.19855238083827942,0.7228358,68.3,29.356060606060595
United Kingdom,2017,2.55775577557747,3.02322219840339,4.501,8.29633161273095,18.4687648708625,0.776976682344123,32.216093479851,0.776976682344123,3.661639385416837,111.8234704,4.528448188850143,65436.133,0.6673916357407217,0.3589517,52.8,23.364485981308402
United Kingdom,2016,1.0084173681141,2.20652020635357,4.909,8.71683817906946,19.0213766769505,0.740634463697084,30.7779753635731,0.740634463697084,-4.677388584866571,106.9789826,6.9789826000000055,65002.313,1.251949828982979,0.4989917,42.8,-15.748031496062998
United Kingdom,2015,0.36804684232536,2.14040560033371,5.552,1.97421475965121,19.3307524418884,0.654545478931426,29.2459709877926,0.654545478931426,-11.62368063942376,100.0,6.000121901200184,64198.579,1.319764917160171,0.5741492,50.8,-47.1933471933472
United Kingdom,2014,1.45112016293279,3.16017351468152,6.398,-2.53440176509608,19.6392020334218,0.607729626878255,30.2890138267133,0.607729626878255,-7.152421574983592,94.33951415,8.003858106349782,63362.345,0.39758093883031087,0.5429491,96.2,-7.588856868395766
United Kingdom,2013,2.29166666666659,1.71846961308464,7.752,2.10230580720378,19.9508460252019,0.639660577613477,31.5119235000045,0.639660577613477,5.254137584050778,87.34828163,2.5481931908739153,63111.426,0.7103582084850624,0.5126609,104.1,-0.8571428571428674
United Kingdom,2012,2.5732347965453,1.52826034721852,8.279,0.769940279705385,20.6106378085018,0.633046988857327,31.469331617208,0.633046988857327,-1.0339215808522706,85.17778706,0.42443820884572325,62666.271,-0.8230844422279282,0.8272508,105.0,0.9615384615384581
United Kingdom,2011,3.8561124468282,0.851437739020326,8.195,-4.41804958924313,20.8090086799266,0.624140835740495,32.0591396722646,0.624140835740495,-1.4068707810944603,84.81778796,-1.4769513107807608,63186.348,-2.0086138460759018,0.87458,104.0,31.645569620253156
United Kingdom,2010,2.49265472467065,2.26054460931586,7.973,3.99003584410402,21.3812762286342,0.647179345560165,30.3048137840466,0.647179345560165,3.6912357757102443,86.08928478,5.760082065296701,64481.533,0.4588310630950998,0.6997741,79.0,27.831715210355988
United Kingdom,2009,1.96173173560109,-4.58740819226323,7.683,-0.0651350828031801,21.7087286497093,0.641919263495996,27.9463641581244,0.641919263495996,-0.8127703858682445,81.4005465,-8.934719433048354,64187.023,-0.27303523174178057,1.213653,61.8,-36.28865979381444
United Kingdom,2008,3.52140856342539,-0.0494116727402769,5.748,17.8034358014177,20.1590670926597,0.54396625,29.0571127381622,0.54396625,-15.259397725895951,89.38702653,-4.46048279249176,64362.756,-2.6928200717308948,5.511412,97.0,36.42756680731365
United Kingdom,2007,2.38656150773327,2.93091133582351,5.399,15.8115468409586,19.5086899838825,0.499771666666667,27.3413721081452,0.499771666666667,-8.12450833729721,93.5602661,9.902766649996053,66143.892,4.384864264656718,6.002207,71.1,10.57542768273716
United Kingdom,2006,2.4556616643929,2.18982132415704,5.472,14.0974697921909,19.651439705564,0.543486666666667,29.2919192465902,0.543486666666667,8.746994460803759,85.13003717,7.855036567531037,63365.405,1.7252910060792548,4.849209,64.3,20.411985018726586
United Kingdom,2005,2.0891364902507,2.7906547174688,4.884,13.8495378397027,19.4812894931691,0.549998333333333,27.3372722873845,0.549998333333333,1.1981281356180595,78.93005267,6.949198082040309,62290.709,1.0703026898608137,4.760168,53.4,41.6445623342175
United Kingdom,2004,1.39039756680422,2.32601853325993,4.594,9.82162021191399,19.2946803773218,0.54618,26.3040230027962,0.54618,-0.6942445280136655,73.80144413,11.87099280639572,61631.07,2.90740514708423,4.637821,37.7,30.4498269896194
United Kingdom,2003,1.37650038542013,3.21851612669614,4.807,9.79774874691057,18.7023862140416,0.6124725,26.0994438028613,0.6124725,12.137482148742173,65.97013424,15.662921346600722,59889.83,3.1592147027704964,3.735161,28.9,16.06425702811245
United Kingdom,2002,1.52040245947455,1.70902736258567,5.037,4.99404467865654,18.0527955561731,0.667223333333333,26.8046768666199,0.667223333333333,8.939312921532473,57.03654505,16.154653601345046,58055.725,0.9791524616228786,4.060289,24.9,2.049180327868849
United Kingdom,2001,1.53234960272418,2.39102229602824,4.696,8.8246818925847,17.1528722984472,0.694655,27.1849267562592,0.694655,4.111317050263086,49.10396896,8.142878761252948,57492.783,4.233351676475783,5.04343,24.4,-13.475177304964546
United Kingdom,2000,1.18295624210408,4.52438074810904,5.558,11.063613580673,16.531026223819,0.660930833333333,26.7816781759642,0.660930833333333,-4.854808022207713,45.40656724,14.924334661822503,55157.761,4.756319900879324,6.187457,28.2,55.80110497237567
United Kingdom,1999,1.7529508005142,2.94445869854798,6.042,4.3967037590754,16.3487709784882,0.618056845,25.2578752626043,0.618056845,-6.486910001929047,39.50996747,10.877531360890869,52653.397,4.922751547874404,5.545774,18.1,38.167938931297726
United Kingdom,1998,1.82056163731557,3.24631482881618,6.198,20.8452448889622,15.9168690990463,0.603823594166667,24.8195061048819,0.603823594166667,-2.3029031954711288,35.6338809,11.457437655539483,50183.012,1.4843285285336183,7.424256,13.1,-31.770833333333336
United Kingdom,1997,2.20114313510882,4.8799853038024,7.072,25.5052180834724,15.938318628663,0.610836114166667,25.0855729396509,0.610836114166667,1.161352432688223,31.97084165,8.793264738584394,49449.026,3.929219801745809,6.911723,19.2,-5.882352941176472
United Kingdom,1996,2.85178236397749,2.61491606949487,8.189,14.5064589540129,16.5290622137041,0.640958255,25.7904639731001,0.640958255,4.931296649744921,29.38678394,3.6606060615809177,47579.522,-0.05128987437973409,6.110596,20.4,18.604651162790688
United Kingdom,1995,2.69749518304432,3.53339096338078,8.694,20.291332268871,16.9743169251896,0.63366812,25.1333164116918,0.63366812,-1.1373806239534434,28.34903736,0.6834268642862185,47603.938,-0.001184761895001163,6.752587,17.2,8.176100628930815
United Kingdom,1994,2.21901260504205,4.95341092800692,9.648,7.65484732334532,18.8264161374994,0.653426604166667,25.8082338069448,0.653426604166667,3.1181123908627484,28.15660754,2.655975967510593,47604.502,1.764648025844573,5.564841,15.9,-5.35714285714286
United Kingdom,1993,2.55857796929705,3.49048744653493,10.346,4.69509174650351,19.1782713561875,0.666756553333333,24.9162654330582,0.666756553333333,2.0400071074035964,27.42812318,-1.6916148718695845,46779.017,1.6194898372835276,5.995641,16.8,-11.578947368421044
United Kingdom,1992,4.59154929577461,1.29472849604493,9.772,-28.6297783996028,19.8686076438996,0.569774166666667,23.3824193284437,0.569774166666667,-14.545396844143399,27.90008517,-3.9776975894651345,46033.509,1.964734807792401,9.680578,19.0,-2.0618556701030855
United Kingdom,1991,7.46178295746934,-1.29243974751705,8.55,1.66151446154199,19.390870817296,0.567015333333333,22.7201063018739,0.567015333333333,-0.4841976865104236,29.05583856,-1.425712880009955,45146.5,0.24795027564883387,11.57342,19.4,-15.283842794759828
United Kingdom,1990,8.06346090938833,0.779266119883417,,10.5212114553268,18.5362492751834,0.563177166666667,24.9201907506095,0.563177166666667,-0.6769070324963655,29.47608287,-1.2133364111680311,45034.836,,14.80897,22.9,28.65168539325842
United Kingdom,1989,5.76024909185262,2.28144671930745,,20.1259936850869,18.3342605275793,0.61117275,26.0360055921146,0.61117275,8.522288575264758,29.83811964,19.378698180996288,,,13.93177,17.8,21.08843537414966
United Kingdom,1988,4.15535171583102,5.0321018040183,,16.6718489497733,18.7567249267596,0.562170166666667,25.1898464052096,0.562170166666667,-8.017795841410313,24.99450915,27.56632882448269,,,10.35268,14.7,-18.78453038674034
United Kingdom,1987,4.14892232052945,4.56208082572655,,89.3310682387769,19.535092167162,0.6119265,25.2765846062746,0.6119265,8.850760193903273,19.59334362,16.792836612288987,,,9.682077,18.1,25.694444444444443
United Kingdom,1986,3.42760940369314,4.01232987098167,,22.5632885297271,20.2411792518358,0.682197333333333,25.4230768855819,0.682197333333333,11.483541460180756,16.77615185,13.58885016359972,,,10.99677,14.4,-47.05882352941176
United Kingdom,1985,6.07139434015119,3.59938143817158,,11.2449737795649,20.2686497871481,0.77924599975,26.7641215367304,0.77924599975,14.225893546442148,14.7691889,8.7121211677895,,,,27.2,-4.895104895104907
United Kingdom,1984,4.96071097821927,2.67092491032817,,11.5066274559945,21.0540184927914,0.75180666625,27.577805191586,0.75180666625,-3.5212671619492597,13.58559537,9.316770170842092,,,,28.6,-3.703703703703698
United Kingdom,1983,4.60930327269779,3.62434641923983,,10.2605312129927,21.3515682613986,0.659724582333334,24.7799180188297,0.659724582333334,-12.24810686715111,12.42773213,11.779680648696633,,,,29.7,-8.895705521472397
United Kingdom,1982,8.59886383332186,2.09306886432368,,13.6548630027239,21.577054685327,0.572446832333333,23.710912304029,0.572446832333333,-13.229422146331782,11.11806015,2.36910682215683,,,,32.6,-8.169014084507042
United Kingdom,1981,11.8766265142296,-1.3234581733779,,25.1754984155,21.707163164056,0.497641332333334,23.1375268037981,0.497641332333334,-13.067676467889012,10.86075721,5.736472959183181,,,,35.5,-3.7940379403794022
United Kingdom,1980,17.9659242656857,-2.17910220206564,,18.4669486289978,21.2664249250299,0.430294999,24.4141733546691,0.430294999,-13.533106869873812,10.27153347,20.89642646254648,,,,36.9,19.032258064516117
United Kingdom,1979,13.4212799774012,2.74677219709527,,12.4873042176725,19.8290086978335,0.472181165666667,26.9943736643302,0.472181165666667,9.734290838613013,8.496143162,29.38871471585458,,,,31.0,140.31007751937983
United Kingdom,1978,8.26314103860768,3.40337382855367,,14.5677248137185,20.2342001450078,0.521504582333334,26.6785222906664,0.521504582333334,10.445867021618248,6.566371094,16.370269042550987,,,,12.9,2.3809523809523947
United Kingdom,1977,15.8402667458768,2.36335094409922,,9.48570662256096,20.7446603808614,0.573271999,28.949547130278,0.573271999,9.926550680541757,5.64265353,7.342143909763754,,,,12.6,8.62068965517242
United Kingdom,1976,16.5595225588084,2.80465599545295,,11.5707837709783,22.1343792970259,0.556509832333334,29.1157265353418,0.556509832333334,-2.923946520308951,5.256699116,8.843899826447554,,,,11.6,11.538461538461542
United Kingdom,1975,24.2072876743291,-0.676870194049812,,7.13884955515777,22.3920035873126,0.452041165666667,27.0908550981935,0.452041165666667,-18.772115171559644,4.829576232,5.865764258324235,,,,10.4,-5.454545454545457
United Kingdom,1974,16.0440111889861,-1.67969792645223,,12.931840811031,20.1177449168207,0.427756439747663,31.6395733871608,0.427756439747663,-5.372237699455784,4.561981171,7.846715332047727,,,,11.0,292.8571428571429
United Kingdom,1973,9.19603316657812,7.31352424220155,,27.5368453457498,18.230423441993,0.408170945299307,24.7645621803191,0.408170945299307,-4.578655662065456,4.230060375,37.57322176148617,,,,2.8,55.555555555555536
United Kingdom,1972,7.07109839479797,3.62637105743457,,27.901368244906,18.4138522349899,0.400390461530008,20.7334983983307,0.400390461530008,-1.9061826567772,3.074770163,33.668903747550985,,,,1.8,5.882352941176472
United Kingdom,1971,9.44483742337133,2.00453760135888,,13.211121635928,18.0571984883339,0.410920237429425,20.5311403220506,0.410920237429425,2.6298768105462944,2.300288307,11.889862355852987,,,,1.7,41.66666666666667
United Kingdom,1970,6.36656841727441,2.70858148856038,,9.43292682926829,17.7154340599805,0.416666999416667,20.9688288553011,0.416666999416667,1.3985103345582894,2.055850511,5.827814584604352,,,,1.2,-7.692307692307699
United Kingdom,1969,5.44666363048887,1.93913775370176,,3.11222885884942,17.6731613328662,0.416666999416667,,0.416666999416667,0.0,1.942637216,,,,,1.3,0.0
United Kingdom,1968,4.69742920620478,5.47269310050385,,7.17654986522911,18.20114922049,0.416666999416667,,0.416666999416667,0.0,,,,,,1.3,0.0
United Kingdom,1967,2.48211441258618,2.77573771112216,,10.7628004179728,18.7675219726563,0.362103332665675,,0.362103332665675,-13.095269562355794,,,,,,1.3,-7.142857142857128
United Kingdom,1966,3.90961779211889,1.56744960482462,,3.58744394618834,17.9531823808541,0.357142999357143,,0.357142999357143,-1.369866792447283,,,,,,1.4,0.0
United Kingdom,1965,4.77377455386914,2.13033308666921,,7.55925155925156,17.6025848319859,0.357142999357143,,0.357142999357143,0.0,,,,,,1.4,-6.666666666666677
United Kingdom,1964,3.28158694697213,5.59481105874345,,5.45470490221871,16.8059257941098,0.357142999357143,,0.357142999357143,0.0,,,,,,1.5,0.0
United Kingdom,1963,2.01854355976229,4.85954520244742,,8.77611370790804,17.2087142163998,0.357142999357143,,0.357142999357143,0.0,,,,,,1.5,0.0
United Kingdom,1962,4.19649888238551,1.0986962362898,,-2.07379729098552,17.9057311231347,0.357142999357143,,0.357142999357143,0.0,,,,,,1.5,-6.25
United Kingdom,1961,3.4474962304662,2.70131421328257,,2.72526628922368,17.5877687736359,0.357142999357143,,0.357142999357143,0.0,,,,,,1.6,0.0
United Kingdom,1960,1.00357570390172,,,,17.5622022557828,0.357142999357143,,0.357142999357143,0.0,,,,,,1.6,
Italy,2025,1.5316682765282,0.539583636778445,6.391,,18.2507578335224,0.88496895841236,30.2962066318587,0.88496895841236,147.791209685001,116.1774596,4.004073303233291,53864.157,1.1665769773158585,2.179261,67.4,-14.35832274459974
Italy,2024,0.982373023061417,0.783039135276795,6.5,,18.0763106353806,0.923889546117607,30.2575458513031,0.923889546117607,4.397960779897958,111.7047207,3.193115785042111,53243.036,0.9684185230755649,3.571515,78.7,-2.59900990099009
Italy,2023,5.62219442195901,0.922796543670316,7.627,,17.9022752317075,0.924839558470698,31.7734723749599,0.924839558470698,0.10282748160568289,108.2482294,1.3045777056905017,52732.366,-2.2659366329514374,3.432429,80.8,-16.78681771369722
Italy,2022,8.20128991161718,4.82117669913565,8.069,,18.838554715179,0.949623753156941,36.9173622620119,0.949623753156941,2.679837217087244,106.8542329,3.8385105379139084,53954.951,-2.9184952570815215,0.3415554,97.1,40.520984081041966
Italy,2021,1.87378325762481,8.93106210800055,9.497,,19.6375873442896,0.84549413889045,29.1303687572707,0.84549413889045,-10.965354849257004,102.9042427,2.487631502817367,55576.962,5.057897475807294,-0.5487563,69.1,67.31234866828086
Italy,2020,-0.13770757391651,-8.86822122185345,9.192,,20.7320079575481,0.875506396987998,25.2136287172564,0.875506396987998,3.549670744842004,100.406499,1.9163864950173748,52901.27,-4.821406875317013,-0.4251596,41.3,-32.736156351791536
Italy,2019,0.611246943765304,0.429162533780342,9.884,,18.6874454981379,0.893276257067409,27.7443163412796,0.893276257067409,2.0296665039278405,98.5185037,-0.08848346765977233,55581.059,0.2539616425333513,-0.3563193,61.4,-10.102489019033678
Italy,2018,1.13748763600391,0.826646712344115,10.538,,18.8848858137312,0.846772667108111,28.4614762392164,0.846772667108111,-5.205958357380657,98.60575349,-0.5564365865004528,55440.262,-0.5903389005289639,-0.322093,68.3,29.356060606060595
Italy,2017,1.22653316645812,1.60369995294101,11.211,,18.9977833101079,0.885205508269372,27.4431081122137,0.885205508269372,4.53874370939682,99.15750211,-1.1008711717698572,55769.491,-0.8827434641596521,-0.3290561,52.8,23.364485981308402
Italy,2016,-0.09401665691575,1.23622108511661,11.688,,19.1381480918602,0.903421436257263,25.6333978099156,0.903421436257263,2.057819095986435,100.2612493,0.26124929999999935,56266.177,0.3974363458060459,-0.2636957,42.8,-15.748031496062998
Italy,2015,0.0387903996579733,0.885667635240807,11.896,,19.1725049881929,0.901296423367096,26.2915747622901,0.901296423367096,-0.23521833829520666,100.0,-3.79966327592578,56043.44,0.9225163618059806,-0.0193757,50.8,-47.1933471933472
Italy,2014,0.241047429826756,-0.00138761730454462,12.683,,19.625084060739,0.752728196932603,25.83212719685,0.752728196932603,-16.483836236636385,103.9497401,-4.661891361620663,55531.156,0.49609071468208477,0.2099457,96.2,-7.588856868395766
Italy,2013,1.21999342274306,-1.81802510749792,12.149,,19.9446023702419,0.752945122701996,25.8567422253559,0.752945122701996,0.028818605477654025,109.0327274,-6.5237799458536365,55257.031,0.27196466433698774,0.2206612,104.1,-0.8571428571428674
Italy,2012,3.04136333226775,-3.12523877282996,10.655,,19.9355930573762,0.778338120416812,26.8993081933752,0.778338120416812,3.3724898334810183,116.6422084,-2.547992893102713,55107.159,-3.1797915705361834,0.5731811,105.0,0.9615384615384581
Italy,2011,2.78063272879323,0.695463154440176,8.359,,19.9439205262434,0.718413898653317,27.9092282905933,0.718413898653317,-7.698996129266389,119.6919508,1.327844756982044,56917.001,-1.5100812477357617,1.3906,104.0,31.645569620253156
Italy,2010,1.52551602118248,1.52910573247101,8.363,,20.6877280787162,0.754308990105961,26.743460391446,0.754308990105961,4.996436110149061,118.1234547,-0.40566380910386224,57789.672,0.860740214873168,0.8109539,79.0,27.831715210355988
Italy,2009,0.774768131387381,-5.30515401233991,7.749,,20.8208815213722,0.716957702016136,22.8643169766079,0.716957702016136,-4.951722514215051,118.6045906,-3.678089437861176,57296.498,0.5688119475047104,1.22835,61.8,-36.28865979381444
Italy,2008,3.34783258401022,-1.02313851177097,6.723,,19.6720387939835,0.679922680042729,27.4714932992188,0.679922680042729,-5.165579764226225,123.1335528,1.6897900206891414,56972.432,-0.01673511873089284,4.634233,97.0,36.42756680731365
Italy,2007,1.82974112202403,1.46229205289291,6.076,,19.1061373626492,0.729672399984083,27.5829870177519,0.729672399984083,7.3169672672527275,121.0874295,5.155823761524414,56981.968,-0.14936249287134107,4.277596,71.1,10.57542768273716
Italy,2006,2.09084391012754,1.79947992234244,6.777,,19.5502275133951,0.796432730949102,26.8704801353861,0.796432730949102,9.14935674783306,115.150474,6.436002063631685,57067.205,0.5727960296490586,3.079212,64.3,20.411985018726586
Italy,2005,1.9852929852798,0.762410677306491,7.73,,19.6997064385986,0.803800192161442,24.6103208709435,0.803800192161442,0.925057563061249,108.1875228,7.541081101813751,56742.188,1.061653228306425,2.184689,53.4,41.6445623342175
Italy,2004,2.20673661423657,1.4740217064723,7.866,,19.2599448233726,0.803921647747618,23.3395514425368,0.803921647747618,0.015110171328691635,100.6011114,9.931871404210257,56146.111,2.0372053237633025,2.106323,37.7,30.4498269896194
Italy,2003,2.6725555277285,0.0665538088732092,8.869,,19.0650756831925,0.88404792718493,22.7700362873432,0.88404792718493,9.966926461279568,91.512234,10.279065317667623,55025.136,-0.5222006600645202,2.333474,28.9,16.06425702811245
Italy,2002,2.46532319171165,0.26992966378873,9.211,,18.6145960121792,1.05755899623965,23.5586238603378,1.05755899623965,19.626884891550024,82.98241714,9.579387210474533,55313.986,-0.9216435339883478,3.318602,24.9,2.049180327868849
Italy,2001,2.78516542713554,2.00643329837733,9.599,,18.4749145877067,1.11653308564462,24.3021921285051,1.11653308564462,5.576434942604935,75.72812666,8.200848038044949,55828.526,0.6656169013360191,4.26178,24.4,-13.475177304964546
Italy,2000,2.53768532095002,3.88209885062652,10.834,,17.8233407313728,1.08270508132602,24.7135355199888,1.08270508132602,-3.0297359526135215,69.98847794,8.264310905551886,55459.379,0.04749332582301147,4.391766,28.2,55.80110497237567
Italy,1999,1.66345995007714,1.67799157943422,11.681,,17.6114010304618,0.938283072395283,21.3763886144254,0.938283072395283,-13.338997980304956,64.64593674,5.572099026535704,55433.052,1.1082646831787502,2.963488,18.1,38.167938931297726
Italy,1998,1.95508557719381,1.8043732818638,12.117,,17.5896432774815,1736.20738333333,20.9855485636537,1736.20738333333,184940.8937785776,61.23392197,2.0861407297460888,54825.441,0.40474737297417906,4.991667,13.1,-31.770833333333336
Italy,1997,2.04310779750136,1.92572122608527,11.985,,17.7349547745595,1703.09690833333,20.3876735060337,1703.09690833333,-1.9070576083158541,59.98260051,-4.61917790844203,54604.431,2.768919592010377,6.875834,19.2,-5.882352941176472
Italy,1996,4.0069766898104,1.34558477192847,11.864,,17.6769089131768,1542.94696666667,19.1397452090937,1542.94696666667,-9.40345442957703,62.88748534,-3.2974742303270355,53133.215,0.8900650223992557,8.82,20.4,18.604651162790688
Italy,1995,5.23542258044301,2.88683671925843,11.661,,17.486354906797,1628.93315833333,20.9637474585342,1628.93315833333,5.5728546427244785,65.03189533,0.7669314825278883,52664.467,-2.189273777584322,10.45667,17.2,8.176100628930815
Italy,1994,4.05184218065716,2.15102367074849,11.086,,18.7472458415497,1612.44498333333,18.5412066407533,1612.44498333333,-1.0122069721307914,64.53694121,-2.8506505520204284,53843.243,-1.2949455148468347,8.5075,15.9,-5.35714285714286
Italy,1993,4.62673468331298,-0.852805731913904,10.212,,19.4397500566608,1573.66586666667,17.3202135397634,1573.66586666667,-2.404988515421702,66.43064681,0.22575160768487645,54549.631,-1.5403293899863169,10.19917,16.8,-11.578947368421044
Italy,1992,5.2705899859293,0.834275417393798,9.321,,19.5881866288006,1232.40583333333,17.3944310239602,1232.40583333333,-21.685672960308587,66.28101635,6.193592065159859,55403.02,-0.09681065093153363,14.01333,19.0,-2.0618556701030855
Italy,1991,6.24999929790291,1.53844759206665,10.097,,19.7496818186181,1240.61333333333,16.8036988468653,1240.61333333333,0.665973803272335,62.41526919,11.066018170046732,55456.708,0.8401120028113329,12.20833,19.4,-15.283842794759828
Italy,1990,6.456609061464,1.98577491758405,,,19.6610345589141,1198.10166666667,18.020777681444,1198.10166666667,-3.4266653053323104,56.19654888,21.514925979139065,54994.691,,12.22985,22.9,28.65168539325842
Italy,1989,6.25983137956977,3.38838350504491,,,18.9673111924731,1372.09333333333,18.4934871068137,1372.09333333333,14.522278994130389,46.24662232,31.538972218469997,,,12.62011,17.8,21.08843537414966
Italy,1988,5.05824747667119,4.19437725054567,,,19.1582536207326,1301.6275,17.492796159545,1301.6275,-5.135644319628174,35.15811439,10.922795863545986,,,10.81765,14.7,-18.78453038674034
Italy,1987,4.74728490389789,3.19196062140115,,,18.7614248860621,1296.07,17.5381360316009,1296.07,-0.4269654720724714,31.69602255,8.391898193556546,,,11.33361,18.1,25.694444444444443
Italy,1986,5.82354691862017,2.85997186889063,,,18.0311068991985,1490.80999999875,17.4192779224801,1490.80999999875,15.025423009463236,29.24205875,3.538541772785253,,,13.39334,14.4,-47.05882352941176
Italy,1985,9.20599144253118,2.79808575480784,,,18.3373847038308,1909.439166664,21.4750664261041,1909.439166664,28.080651905044963,28.24267973,-2.115604731601839,,,15.24693,27.2,-4.895104895104907
Italy,1984,10.7944960076811,3.22585239030356,,,18.1886500755828,1756.96083333183,21.3817707156651,1756.96083333183,-7.985503596774246,28.85309722,-1.1548704611775484,,,17.26847,28.6,-3.703703703703698
Italy,1983,14.646576674877,1.16920342741862,,,18.3929508360602,1518.84833333283,19.8111182347272,1518.84833333283,-13.552521802518102,29.19020629,3.210508445615723,,,18.30862,29.7,-8.895705521472397
Italy,1982,16.4804146202214,0.413585694308892,,,17.9944217616436,1352.50999999808,22.3368353948196,1352.50999999808,-10.951609168885968,28.28220375,13.168513337526267,,,19.90528,32.6,-8.169014084507042
Italy,1981,17.9692987519672,0.844227628121416,,,17.9204372164867,1136.76499999958,23.5623810172237,1136.76499999958,-15.95145322391749,24.99123026,36.11112745320373,,,19.23167,35.5,-3.7940379403794022
Italy,1980,21.0641682770745,3.43001634618649,,,16.5986723342152,856.447499997417,22.7341592531668,856.447499997417,-24.65923036003629,18.36090166,24.782312179357135,,,16.79499,36.9,19.032258064516117
Italy,1979,14.7985735661484,5.95915952688955,,,16.3911787726505,830.861666665917,21.2761528116398,830.861666665917,-2.987437447313135,14.7143464,22.29749643112118,,,11.76903,31.0,140.31007751937983
Italy,1978,12.0940138425074,3.24013978059317,,,16.3123733308745,848.663333330917,19.5443853803224,848.663333330917,2.1425548173902964,12.03160067,14.893018540001846,,,,12.9,2.3809523809523947
Italy,1977,17.13004878665,2.56050082604729,,,15.7296393747014,882.38833333125,20.3829035797489,882.38833333125,3.973896205455918,10.47200328,16.65226085031053,,,,12.6,8.62068965517242
Italy,1976,16.6141664725788,7.12538510094043,,,15.4307381139346,832.334999999667,21.098819806521,832.334999999667,-5.67248358130692,8.977111291,24.402696608499696,,,,11.6,11.538461538461542
Italy,1975,16.9505025668306,-2.09016289171086,,,16.0126914598902,652.849166666,18.6252648445181,652.849166666,-21.564133832379852,7.21617098,10.440831514026483,,,,10.4,-5.454545454545457
Italy,1974,19.1597695854699,5.50014109691006,,,15.5671134032725,650.343333331833,22.2276464542269,650.343333331833,-0.38383036421166805,6.533970164,70.62398903241748,,,,11.0,292.8571428571429
Italy,1973,10.7986174547602,7.12586233109471,,,16.3841472953146,582.995833331917,17.9179227847204,582.995833331917,-10.355683920811787,3.829455753,13.432237027454462,,,,2.8,55.555555555555536
Italy,1972,5.74950393730007,3.69048578366487,,,17.0670969146035,583.217499999417,15.47361782151,583.217499999417,0.038021998584980565,3.375985393,5.169779972338873,,,,1.8,5.882352941176472
Italy,1971,4.79166438333786,1.81810794624113,,,16.4839019776961,620.359289297562,14.7819651836852,620.359289297562,6.36842846762693,3.210033713,5.584928118868082,,,,1.7,41.66666666666667
Italy,1970,4.96831987329335,5.31050247643583,,,15.0789324999503,625.000000625,14.9009660362971,625.000000625,0.7480683222609086,3.040238574,,,,,1.2,-7.692307692307699
Italy,1969,2.65725273386972,6.09805993564241,,,,625.000000625,,625.000000625,0.0,,,,,,1.3,0.0
Italy,1968,1.27731335390797,6.5445545873539,,,,625.000000625,,625.000000625,0.0,,,,,,1.3,0.0
Italy,1967,3.73333832073822,7.17861243185169,,,,625.000000625,,625.000000625,0.0,,,,,,1.3,-7.142857142857128
Italy,1966,2.34658893413318,5.98479421486059,,,,625.000000625,,625.000000625,0.0,,,,,,1.4,0.0
Italy,1965,4.51926830743458,3.26802365121867,,,,625.000000625,,625.000000625,0.0,,,,,,1.4,-6.666666666666677
Italy,1964,5.91232253218587,2.79770230068472,,,,625.000000625,,625.000000625,0.0,,,,,,1.5,0.0
Italy,1963,7.45471822539103,5.60972790418452,,,,625.000000625,,625.000000625,0.0,,,,,,1.5,0.0
Italy,1962,4.69114360740471,6.20365038538202,,,,625.000000625,,625.000000625,0.0,,,,,,1.5,-6.25
Italy,1961,2.05069731278698,8.20724597589673,,,,625.000000625,,625.000000625,0.0,,,,,,1.6,0.0
Italy,1960,2.3501614137705,,,,,623.98633587256,,623.98633587256,-0.16218636022822253,,,,,,1.6,
Japan,2025,3.17253034260248,1.19311288444599,2.451,0.601412982408472,,149.657926890952,,149.657926890952,-76.01583267337485,138.001,4.428927359991541,50182.646,-0.47353693599604396,0.8136367,67.4,-14.35832274459974
Japan,2024,2.73853681635241,-0.240084236041696,2.5,0.0729489283133112,20.1443964769656,151.366291302752,22.8730294879112,151.366291302752,1.1415128134474095,132.14825,2.811701939366351,50421.41,0.9023826764939402,0.18575,78.7,-2.59900990099009
Japan,2023,3.26813365933163,0.720785304749811,2.6,2.13454290639148,20.0946215543648,140.49110006234,22.5357732459138,140.49110006234,-7.184685009332902,128.53425,3.021492491854638,49970.485,-2.265876286855173,0.003833333,80.8,-16.78681771369722
Japan,2022,2.49770278172255,1.33164750653741,2.614,2.27007776448937,20.7103565973432,131.498140443764,24.212763673007,131.498140443764,-6.401088477907546,124.7645,8.3886072705317,51129.005,-1.3386938358909695,-0.0295,97.1,40.520984081041966
Japan,2021,-0.233352779398264,3.56419531474475,2.808,2.94448247498499,20.5324975835506,109.754323839417,17.963407354096,109.754323839417,-16.53545558208549,115.1085,5.961627417272508,51822.753,1.031099978395078,-0.0655,69.1,67.31234866828086
Japan,2020,-0.024995834027731,-4.28327942675573,2.809,7.35689680384515,20.4376163201187,106.774582262437,15.3905323905959,106.774582262437,-2.714919533684801,108.63225,0.07346675571728856,51293.862,-1.4901389815903499,-0.03541667,41.3,-32.736156351791536
Japan,2019,0.46877615938395,-0.308496921143259,2.351,2.06668456825313,19.4451575446193,109.009665900863,17.320499861849,109.009665900863,2.093273128367268,108.5525,1.595969947752507,52069.774,0.4685187466637597,0.03108333,61.4,-10.102489019033678
Japan,2018,0.989094598021848,0.834143845965585,2.467,2.32259329464308,19.1049339062309,110.42317934106,17.8924314793812,110.42317934106,1.29668633374449,106.84725,1.9503211971002798,51826.955,1.487095558093543,0.07233334,68.3,29.356060606060595
Japan,2017,0.484199796126385,1.62345062245441,2.822,3.48679482913745,18.9878945850343,112.166141081871,16.4730083398364,112.166141081871,1.578438287334194,104.80325,2.534921205628482,51067.532,-0.5671761156071486,0.05933333,52.8,23.364485981308402
Japan,2016,-0.127258844489754,0.704986495111257,3.132,3.85264245657811,19.1952236323288,108.792900046834,14.933883194543,108.792900046834,-3.0073612255010596,102.21225,2.2122500000000045,51358.827,0.6508551196817258,0.07366667,42.8,-15.748031496062998
Japan,2015,0.795279630579839,1.79997735783475,3.385,2.99485194460402,19.1606996744383,121.044025684011,17.6355206100133,121.044025684011,11.260960625098736,100.0,2.409700246807378,51026.717,-0.9413372110348317,0.1696667,50.8,-47.1933471933472
Japan,2014,2.75922671353253,0.905915486065865,3.589,2.86309798968837,19.569565912101,105.944781034025,19.6564622476125,105.944781034025,-12.474175874985383,97.647,1.5587907216199959,51511.615,-0.9222367614639237,0.2049167,96.2,-7.588856868395766
Japan,2013,0.335037912184741,1.99727653399265,4.038,3.55325057477692,19.6310664026448,97.5956582776385,17.9876603648252,97.5956582776385,-7.8806361907578175,96.14825,1.6495221381147784,51991.096,0.5471377923736975,0.2367042,104.1,-0.8571428571428674
Japan,2012,-0.0440645104432602,1.64893452981225,4.358,2.18022060742254,19.729504957783,79.7904554170065,15.9003840894255,79.7904554170065,-18.243847292858117,94.588,-0.8714151719512286,51708.181,0.2015476500021096,0.3272108,105.0,0.9615384615384581
Japan,2011,-0.27245561610124,-0.20035785332982,4.55,2.91871687410843,19.6755211097853,79.8070198321892,15.3068591337385,79.8070198321892,0.020759895524014027,95.4195,0.08312333982762876,51604.174,0.32348401654418435,0.3325967,104.0,31.645569620253156
Japan,2010,-0.728243207517779,4.13645589222239,5.102,1.80296678517956,18.9527729272536,87.779875,13.4572771845197,87.779875,9.990167762905312,95.34025,1.4498112585159761,51437.781,-0.020873292370693353,0.3833333,79.0,27.831715210355988
Japan,2009,-1.35283672951719,-5.9359411383964,5.068,2.10540872769038,19.0444721731763,93.5700890870456,11.8645663053454,93.5700890870456,6.596288827075214,93.97775,-5.902943787255232,51448.52,-1.408401851674379,0.5783333,61.8,-36.28865979381444
Japan,2008,1.3800788616492,-1.16662209355141,4.002,0.859827138738371,17.6813434344154,103.359493968254,16.7187207629284,103.359493968254,10.462109181173895,99.87320941,0.49239053081333584,52183.473,-0.40509982035177305,0.8466667,97.0,36.42756680731365
Japan,2007,0.060039454498669,1.72837912865577,3.888,0.672846842102966,17.3297481265532,117.753529166667,15.3766330971291,117.753529166667,13.926185825594306,99.38385273,-0.9977971977234712,52395.728,0.2911801358271404,0.7458333,71.1,10.57542768273716
Japan,2006,0.249355116079085,1.54630843078741,4.192,-0.71340541685522,17.3348120303534,116.299311666667,14.2156739417573,116.299311666667,-1.2349672322276795,100.3854964,-2.9792986275820166,52243.605,-0.045045502673191073,0.324675,64.3,20.411985018726586
Japan,2005,-0.282946068764391,1.8482813374834,4.446,0.213876313762708,17.5160759916723,110.218211666667,12.3015669207116,110.218211666667,-5.2288357625274955,103.4681207,-4.871589119656661,52267.149,2.457625374337691,0.09,53.4,41.6445623342175
Japan,2004,-0.00857338820310272,2.11294823723127,4.734,0.621880971246173,17.5017268819927,108.192569166667,10.7716099665173,108.192569166667,-1.8378473660289107,108.7667919,-6.098630679520268,51013.43,1.4111563617117628,0.08833333,37.7,30.4498269896194
Japan,2003,-0.256541816316025,1.38010935830795,5.251,0.540504186193794,17.6035501284581,115.933464166667,9.74421919693225,115.933464166667,7.1547381300054,115.8308901,-6.186954248339038,50303.568,0.23095119858052016,0.08833333,28.9,16.06425702811245
Japan,2002,-0.923494026942321,0.0849888050363319,5.386,0.923447004818944,17.5230676412891,125.388019166667,9.44913022539082,125.388019166667,8.155156121625119,123.4699174,-5.335410542780994,50187.659,-2.1047523717931838,,24.9,2.049180327868849
Japan,2001,-0.740055504162738,0.284608556379041,5.02,-17.2393876963163,16.9871214974893,121.5289475,9.34590509890227,121.5289475,-3.0777036692297366,130.428831,-4.406482664136158,51266.696,-1.2031065117264927,,24.4,-13.475177304964546
Japan,2000,-0.676578683595175,2.97832688768516,4.748,1.3355646309312,16.2988493817018,107.765498333333,8.96530478392506,107.765498333333,-11.325243450057032,136.4410837,-3.7618453818926145,51891.0,0.9750216272886414,,28.2,55.80110497237567
Japan,1999,-0.341296928327554,-0.347600398675738,4.677,2.8022420246442,15.9945261914698,113.906805,8.22604679847918,113.906805,5.698768865403592,141.7744181,-3.131967305832417,51389.937,-0.9100895923130792,,18.1,38.167938931297726
Japan,1998,0.661974191385911,-1.77264091037956,4.078,3.13639065679036,15.4361830577356,130.905300666667,8.5212698599679,130.905300666667,14.923160795061353,146.3583126,-1.6884785375813283,51861.927,-1.5189819286830608,,13.1,-31.770833333333336
Japan,1997,1.74780458692133,1.36297109407448,3.374,5.81007844267697,14.9826442966925,120.9908625,9.22057606425274,120.9908625,-7.573748439654704,148.8719841,-1.3996421375954582,52661.851,0.37294691551776893,,19.2,-5.882352941176472
Japan,1996,0.136600358575909,3.07546731409349,3.383,3.8039488483568,14.858029038795,108.779056666667,8.76359482919126,108.779056666667,-10.093163715840936,150.9852371,-1.8447145425407374,52466.18,0.3658138292659485,,20.4,18.604651162790688
Japan,1995,-0.127899045020446,2.34205546196849,3.15,4.07282908116519,14.8077943955396,94.0595791666667,7.44728380781174,94.0595791666667,-13.531536263552447,153.8228292,-1.5950694839423352,52274.951,1.2186896559843063,,17.2,8.176100628930815
Japan,1994,0.695458057869004,0.99306636322622,2.89,4.18713198933369,14.4326420793325,102.207805833333,6.82672030924995,102.207805833333,8.662835554716054,156.3161809,-2.3279435636069934,51645.552,0.9967981159825223,,15.9,-5.35714285714286
Japan,1993,1.24304589707924,-0.517919847117952,2.539,4.41934542095333,14.0412583176099,111.197785833333,6.66898790711991,111.197785833333,8.795786120934523,160.0418652,-4.278667385004519,51135.831,-0.76803920793167,,16.8,-11.578947368421044
Japan,1992,1.7602830605927,0.848069581218368,2.158,3.29045898544087,13.4484839677197,126.651333333333,7.34510865017067,126.651333333333,13.897351808031777,167.1956092,-3.8433777197095065,51531.614,0.13670671083219066,,19.0,-2.0618556701030855
Japan,1991,3.25143848753308,3.41749676183089,2.059,5.54868699680879,13.074350983313,134.706666666667,7.97533003082628,134.706666666667,6.360243608437344,173.8784134,4.290005523234219,51461.263,1.3279782699548548,,19.4,-15.283842794759828
Japan,1990,3.0785162869516,4.89271306574565,,6.8522407852742,13.0342422778397,144.7925,9.09411172156038,144.7925,7.487256260516406,166.7258646,13.619295080068161,50786.825,,,22.9,28.65168539325842
Japan,1989,2.27228962064317,4.85803768615389,,10.9931855123824,13.051254030902,137.964416666667,8.42925632067245,137.964416666667,-4.715771420020365,146.7408018,7.796255937375829,,,,17.8,21.08843537414966
Japan,1988,0.678557580457558,6.78502010955764,,9.08166244142276,13.1817003216043,128.151666666667,7.32504727057463,128.151666666667,-7.112522371408547,136.1279207,5.844849896204463,,,,14.7,-18.78453038674034
Japan,1987,0.126176841696583,4.73066586040017,,9.42756697047801,13.5614983448975,144.6375,6.89068307851677,144.6375,12.864314419112466,128.6108118,7.480771148279586,,,,18.1,25.694444444444443
Japan,1986,0.595586799453249,3.32652561623384,,9.18287737745364,13.6223240247304,168.519833333083,6.95192438311312,168.519833333083,16.511854348341902,119.6593683,2.6127242979591347,,,,14.4,-47.05882352941176
Japan,1985,2.0322773460849,5.23338094687848,,8.74463765627901,13.6963674770593,238.53583333275,10.2755056820141,238.53583333275,41.54763188097801,116.6126025,2.4380768815158715,,,,27.2,-4.895104895104907
Japan,1984,2.26161369193155,4.50199481622435,,7.86693711618132,14.0016112835417,237.522499999333,11.462363713828,237.522499999333,-0.4248138819476388,113.8371649,3.2322750491734054,,,,28.6,-3.703703703703698
Japan,1983,1.89971971348485,3.52304498510377,,8.48745208244273,14.2168476444928,237.511666666083,11.2705885426397,237.511666666083,-0.004560971381684098,110.2728433,4.8196330233891915,,,,29.7,-8.895705521472397
Japan,1982,2.7410409556314,3.31245673740017,,9.29388245927129,14.1774096990749,249.076666665833,12.8230384894685,249.076666665833,4.869234493650865,105.2024703,7.827162912828189,,,,32.6,-8.169014084507042
Japan,1981,4.91216291820523,4.20933646523171,,11.7742239268531,14.0644569632129,220.53583333275,12.9505176223427,220.53583333275,-11.45865396190404,97.56583356,10.951623650044983,,,,35.5,-3.7940379403794022
Japan,1980,7.77858176555718,2.81759120738283,,9.64816761790327,14.0433173322528,226.740833332833,13.5165085091259,226.740833332833,2.8136017200981245,87.93547165,13.122164987669338,,,,36.9,19.032258064516117
Japan,1979,3.70185092546269,5.4840418324284,,11.152306456269,13.8795900980073,219.139999999333,11.5550258760298,219.139999999333,-3.352211960138085,77.73496172,9.457048597319574,,,,31.0,140.31007751937983
Japan,1978,4.20956601068681,5.27194150317187,,14.4117436391274,13.8297580934621,210.441666666,8.69156511654894,210.441666666,-3.969304249958694,71.01868972,5.615301206116063,,,,12.9,2.3809523809523947
Japan,1977,8.16182689596842,4.39033795009327,,13.7257209058161,14.0654442458975,268.509999999333,10.6159730815533,268.509999999333,27.593553241286315,67.24280375,4.3245248033232375,,,,12.6,8.62068965517242
Japan,1976,9.37403638606234,3.97498409113672,,15.5052820306415,14.1050969603976,296.552499999167,11.8186420082147,296.552499999167,10.443745111878023,64.45541341,2.398313773180294,,,,11.6,11.538461538461542
Japan,1975,11.7312661498708,3.09157591623077,,16.9649244012937,14.3668596263125,296.787499999167,11.8185363073482,296.787499999167,0.07924397872236533,62.94577619,-3.964548825782288,,,,10.4,-5.454545454545457
Japan,1974,23.2222458076842,-1.22523982750916,,14.0608655629786,13.0490814206689,292.08249999925,13.2913554050189,292.08249999925,-1.5853093543124919,65.54431246,13.565008491721354,,,,11.0,292.8571428571429
Japan,1973,11.6086235489221,8.03259997458245,,18.9679346247978,11.8772631362833,271.701666666083,9.27497527151989,271.701666666083,-6.977765985027973,57.71523582,32.89846696404031,,,,2.8,55.555555555555536
Japan,1972,4.84351713859905,8.41354725497627,,24.9688964459006,11.6741012904854,303.172499999,7.66670889062612,303.172499999,11.58286355732745,43.42806741,17.354651156529897,,,,1.8,5.882352941176472
Japan,1971,6.39534883720926,4.69899204214205,,24.184992532317,11.3875906470116,350.677693533362,8.32911078801778,350.677693533362,15.669361018733131,37.00583401,16.25985728792514,,,,1.7,41.66666666666667
Japan,1970,6.92417383485781,0.399050611065093,,67.3915386107459,10.6446219414148,360.000000359,8.82453200798612,360.000000359,2.658368923243515,31.83027648,20.688873777350846,,,,1.2,-7.692307692307699
Japan,1969,5.24982091102027,12.4778945420024,,18.5038565663789,,360.000000359,,360.000000359,0.0,26.37382841,21.15638040206953,,,,1.3,0.0
Japan,1968,5.33943295739344,12.8824681707163,,14.8278491407121,,360.000000359,,360.000000359,0.0,21.7684189,17.610590917337056,,,,1.3,0.0
Japan,1967,3.98984808881518,11.0821423327248,,15.4963926430241,,360.000000359,,360.000000359,0.0,18.5088934,13.219273243458707,,,,1.3,-7.142857142857128
Japan,1966,5.04083205887676,10.6385615902031,,16.2597463967866,,360.000000359,,360.000000359,0.0,16.34782919,7.027153918510476,,,,1.4,0.0
Japan,1965,6.65599094260621,5.81970783966972,,17.9908930396803,,360.000000359,,360.000000359,0.0,15.27446876,11.092758442077578,,,,1.4,-6.666666666666677
Japan,1964,3.80038945305753,11.676708250654,,15.2943697433974,,360.000000359,,360.000000359,0.0,13.74929291,14.253078996091029,,,,1.5,0.0
Japan,1963,6.7069055639799,8.47364243635415,,23.9590942293645,,360.000000359,,360.000000359,0.0,12.03406773,13.74985884968729,,,,1.5,0.0
Japan,1962,6.8354403481973,8.90897303614973,,61.024379811805,,360.000000359,,360.000000359,0.0,10.57941333,20.503743988596934,,,,1.5,-6.25
Japan,1961,5.36846178480055,12.043536357022,,15.728251454028,,360.000000359,,360.000000359,0.0,8.779323347,37.75318829383431,,,,1.6,0.0
Japan,1960,3.5745115253591,,,,,360.000000359,,360.000000359,0.0,6.373226969,,,,,1.6,
United States,2025,,2.16138195623856,4.198,6.04364445690501,,1.0,,1.0,-99.72222222249923,201.4331285,2.8903811901565657,86977.138,1.6729134597916584,4.171667,67.4,-14.35832274459974
United States,2024,2.94952520485207,2.79318715363841,4.022,5.28199055240445,13.6249512893588,1.0,14.0413208226783,1.0,0.0,195.7744992,5.351079778118173,85546.027,2.0029139728637846,5.050833,78.7,-2.59900990099009
United States,2023,4.11633838374488,2.93436322440155,3.638,1.81977474451414,13.5407140861824,1.0,13.878624456192,1.0,0.0,185.8305578,4.649504039962471,83866.258,-0.41406891976896176,5.1775,80.8,-16.78681771369722
United States,2022,8.00279982052121,2.52421385073222,3.65,-0.865150140224395,13.6769940249355,1.0,15.2538011117724,1.0,0.0,177.5742365,13.334680658661323,84214.966,-2.8615164428995254,2.2275,97.1,40.520984081041966
United States,2021,4.69785886363742,6.15202247867526,5.349,14.5395068823421,14.2309724351013,1.0,14.4060572431224,1.0,0.0,156.6812872,16.52972576628504,86695.78,1.7907400812364749,0.1141667,69.1,67.31234866828086
United States,2020,1.23358439630629,-2.081375977796,8.055,19.5598177699877,14.8775026630059,1.0,13.0168627958622,1.0,0.0,134.4560679,7.811662470182523,85170.596,6.042195185324606,,41.3,-32.736156351791536
United States,2019,1.81221007526021,2.58382533052225,3.669,8.39189902015057,13.9835585749329,1.0,14.4692832148142,1.0,0.0,124.7138434,4.998074589475121,80317.647,1.8063203752686885,2.2075,61.4,-10.102489019033678
United States,2018,2.44258329692817,2.96650506701943,3.896,4.03042002361151,13.8442126445718,1.0,15.1582483706352,1.0,0.0,118.777267,6.059082935047444,78892.594,1.1824750225440717,2.188333,68.3,29.356060606060595
United States,2017,2.13011000365961,2.45762230126449,4.355,4.80195396372877,13.8471337748498,1.0,14.9478571955214,1.0,0.0,111.9916029,6.098617770041992,77970.611,1.0908573571986935,1.1525,52.8,23.364485981308402
United States,2016,1.26158320570536,1.81945147909089,4.869,3.84943175924811,14.1100041249858,1.0,14.5644385592212,1.0,0.0,105.5542525,5.554252500000012,77129.241,0.1688978784205597,0.6441666,42.8,-15.748031496062998
United States,2015,0.118627135552451,2.94555045227337,5.28,3.14303976348123,14.2333167295426,1.0,15.2770653039497,1.0,0.0,100.0,5.1160038433123,76999.191,2.563350117580132,0.2266667,50.8,-47.1933471933472
United States,2014,1.62222297740817,2.52381981757846,6.168,5.17839955418545,14.5516578754664,1.0,16.3983551242045,1.0,0.0,95.13299245,4.810388276448552,75074.762,1.5716454090485499,0.1241667,96.2,-7.588856868395766
United States,2013,1.46483265562717,2.11783009443471,7.375,4.50111351356626,14.9919585599706,1.0,16.3878144030073,1.0,0.0,90.76675892,6.882932145532794,73913.11,-0.44445082588433493,0.1666667,104.1,-0.8571428571428674
United States,2012,2.06933726526067,2.28911339009767,8.069,4.9016933844745,15.4758437477121,1.0,17.0377883064876,1.0,0.0,84.92165877,2.6917022364773446,74243.084,0.8505269275478788,0.2825,105.0,0.9615384615384581
United States,2011,3.156841568622,1.56440685205419,8.949,6.68335521506315,16.0984239985661,1.0,17.2790147933311,1.0,0.0,82.6957358,-4.325585814200538,73616.952,0.13836996957459213,0.3033333,104.0,31.645569620253156
United States,2010,1.6400434423899,2.69519258673525,9.633,-2.75233991566368,16.6858385201221,1.0,15.878527508625,1.0,0.0,86.43453582,-2.953492042030892,73515.229,0.8849759238134025,0.3116667,79.0,27.831715210355988
United States,2009,-0.355546266299747,-2.5765002366652,9.254,5.51260115427482,16.8076926291334,1.0,13.8273085764833,1.0,0.0,89.06506544,-6.0029210133612505,72870.344,1.0025218770540523,0.5558333,61.8,-36.28865979381444
United States,2008,3.839100296651,0.113587247501258,5.784,8.17510450082247,15.9340689845308,1.0,17.441943601098,1.0,0.0,94.75301403,-8.193852583844796,72147.054,-0.24719243488060538,2.965,97.0,36.42756680731365
United States,2007,2.85267248150138,2.0038583039496,4.622,11.7134893815654,15.1892867792327,1.0,16.5482262680953,1.0,0.0,103.2098794,-0.1100996846042035,72325.838,1.8925879872277784,5.268333,71.1,10.57542768273716
United States,2006,3.22594410070404,2.78453963674239,4.623,9.00282393246698,15.0044554761098,1.0,16.3338962966673,1.0,0.0,103.3236384,5.812975900866513,70982.433,1.4979340416163112,5.153333,64.3,20.411985018726586
United States,2005,3.3927468454955,3.48354993710312,5.084,8.07350612101042,15.0471459247069,1.0,15.6565009333013,1.0,0.0,97.64741755,10.466612711174129,69934.855,0.09261752906388754,3.511667,53.4,41.6445623342175
United States,2004,2.67723669309172,3.84777169267127,5.529,5.74204572685685,15.1583063740649,1.0,14.8193087841105,1.0,0.0,88.39541211,9.420184650812446,69870.143,1.8518440772887335,1.563333,37.7,30.4498269896194
United States,2003,2.27009497336115,2.79560596378604,5.989,4.40369366436937,15.243622588149,1.0,13.5916448812678,1.0,0.0,80.78528874,7.6312500077215795,68599.782,1.0756680640348515,1.150833,28.9,16.06425702811245
United States,2002,1.58603162650601,1.70044733078285,5.783,4.4521933056666,15.0590423298955,1.0,13.1549985598093,1.0,0.0,75.05746587,7.003728402356302,67869.729,0.8050684046141843,1.725833,24.9,2.049180327868849
United States,2001,2.82617111885407,0.955538337599847,4.731,7.9327961660052,14.535639012509,1.0,13.2637348067635,1.0,0.0,70.14472018,6.891251900411599,67327.695,0.7673713749444699,3.686667,24.4,-13.475177304964546
United States,2000,3.37685727149929,4.07758575997799,3.992,8.11046448534502,14.0239462637226,1.0,14.4102128270623,1.0,0.0,65.62250786,6.668318814831253,66814.976,3.3397520568894556,6.455833,28.2,55.80110497237567
United States,1999,2.18802719697358,4.78842504836746,4.219,9.508532583145,14.0318021524276,1.0,13.004232506698,1.0,0.0,61.52014824,6.065875401706489,64655.638,2.634646898867321,5.33,18.1,38.167938931297726
United States,1998,1.55227909874364,4.48313335499124,4.511,9.6018980689528,13.9868983341493,1.0,12.3106314515674,1.0,0.0,58.00182953,4.815089543700024,62995.918,4.118913619633058,5.466667,13.1,-31.770833333333336
United States,1997,2.33768993730735,4.44712793442667,5.0,8.0034975144461,14.2293279014805,1.0,12.3085700908604,1.0,0.0,55.33728949,2.8197250040203015,60503.818,2.497178540850764,5.615833,19.2,-5.882352941176472
United States,1996,2.93120419993441,3.77277269047364,5.451,7.86548945474707,14.5283200229106,1.0,11.9404364259576,1.0,0.0,53.81972135,2.8900049254170668,59029.74,1.4623639147023582,5.39,20.4,18.604651162790688
United States,1995,2.80541968853662,2.68443073970295,5.65,6.86921920992869,14.9447710913016,1.0,11.8141577687958,1.0,0.0,52.30801708,2.5592678758271648,58178.952,0.5669290500153634,5.916667,17.2,8.176100628930815
United States,1994,2.60744159215453,4.02902272637739,6.119,0.404668958759194,15.2060534337024,1.0,11.162311746182,1.0,0.0,51.00272083,3.3041949742228294,57850.978,-0.3822707616110699,4.629167,15.9,-5.35714285714286
United States,1993,2.95165696638559,2.75179586314481,6.9,0.596428630339938,15.6452689260237,1.0,10.4974383102923,1.0,0.0,49.37139372,2.3958358656982037,58072.974,-0.5634580090474461,3.174167,16.8,-11.578947368421044
United States,1992,3.02881967814969,3.52249717254271,7.5,-0.153170227029685,16.0786874646011,1.0,10.2416795967442,1.0,0.0,48.21621241,2.4648589324063774,58402.045,2.3177146723055264,3.681667,19.0,-2.0618556701030855
United States,1991,4.23496396453849,-0.108312873733027,6.8,1.50050822184513,16.3175698333049,1.0,10.1255430017786,1.0,0.0,47.05634001,0.9127381414015368,57079.114,0.6795694205931513,5.835,19.4,-15.283842794759828
United States,1990,5.39795643990325,1.88596557755378,,2.67796315144365,15.9007731491978,1.0,10.5603352862181,1.0,0.0,46.63072361,2.5894806061307785,56693.84,,8.1475,22.9,28.65168539325842
United States,1989,4.82700303008944,3.67223784138015,,5.31736340332442,15.6237968795976,1.0,10.4763204634163,1.0,0.0,45.45370864,5.710176538314848,,,9.085,17.8,21.08843537414966
United States,1988,4.07774110744413,4.17698239478443,,6.79098045293505,15.6681698513379,1.0,10.5795771858657,1.0,0.0,42.99842279,6.357264116009231,,,7.7275,14.7,-18.78453038674034
United States,1987,3.6645632175169,3.45462966441372,,4.06452029119357,16.0012069496407,1.0,10.4776616483513,1.0,0.0,40.42828964,7.863436930370837,,,6.860833,18.1,25.694444444444443
United States,1986,1.89804772234276,3.46265504522061,,9.37545261766202,16.1145952588757,1.0,9.88872247567544,1.0,0.0,37.48099522,7.747909652483376,,,6.518333,14.4,-47.05882352941176
United States,1985,3.54564415209365,4.16957535422245,,8.29309883710408,15.9171086101131,1.0,9.61583358665714,1.0,0.0,34.78582122,5.96174548831101,,,8.0475,27.2,-4.895104895104907
United States,1984,4.30053547523429,7.2364531665454,,12.5333214655863,15.7203773615748,1.0,10.0333290981577,1.0,0.0,32.82866006,4.666984424753129,,,10.365,28.6,-3.703703703703698
United States,1983,3.21243523316065,4.58379096944093,,8.27125759017351,16.3837857501765,1.0,9.04332866084504,1.0,0.0,31.36486662,3.742498139762418,,,9.066667,29.7,-8.895705521472397
United States,1982,6.13142700027493,-1.80301377321203,,10.032206871638,16.5838514332094,1.0,9.06707929238358,1.0,0.0,30.23338283,2.9981015911569875,,,12.27083,32.6,-8.169014084507042
United States,1981,10.3347153402771,2.53770127042986,,12.0644346884282,15.8102437729982,1.0,9.90813650339986,1.0,0.0,29.35333988,5.405207558870129,,,15.91083,35.5,-3.7940379403794022
United States,1980,13.5492019749684,-0.256775739391401,,10.6793254282949,15.876837875664,1.0,10.2833892192894,1.0,0.0,27.84809267,7.970174419509846,,,13.06667,36.9,19.032258064516117
United States,1979,11.2544711292795,3.16598822512103,,9.792314098081,15.4036431620963,1.0,9.61712885271871,1.0,0.0,25.79239389,13.271853643121423,,,11.225,31.0,140.31007751937983
United States,1978,7.63096383885606,5.53520648057204,,11.271007866993,15.7667187305319,1.0,9.02577352686406,1.0,0.0,22.77034679,13.360173234846329,,,8.221666,12.9,2.3809523809523947
United States,1977,6.5016839947284,4.62418650079432,,12.0348645630564,16.3879690233478,1.0,8.76360464323147,1.0,0.0,20.08672547,10.866059036744314,,,5.640833,12.6,8.62068965517242
United States,1976,5.74481263549085,5.38803390614694,,10.2083088148758,16.7879782984202,1.0,8.067953018343,1.0,0.0,18.11801163,6.176821988524761,,,5.268333,11.6,11.538461538461542
United States,1975,9.14314686496535,-0.205619191208058,,10.1784316722007,17.6107956298994,1.0,7.28409452407971,1.0,0.0,17.0639988,6.240556666686614,,,6.436666,10.4,-5.454545454545457
United States,1974,11.0548048048048,-0.540550190362552,,7.85072700610933,17.1626727964469,1.0,8.24886441808829,1.0,0.0,16.0616617,9.144657798740319,,,10.24417,11.0,292.8571428571429
United States,1973,6.17776006377038,5.64567975951033,,10.1759792214653,16.7762751723054,1.0,6.39543530970074,1.0,0.0,14.7159394,11.862547175236182,,,8.415833,2.8,55.555555555555536
United States,1972,3.27227824655283,5.25550197771585,,13.5903930152841,17.6292891150878,1.0,5.80215931389794,1.0,0.0,13.15537664,7.179676826588732,,,4.665833,1.8,5.882352941176472
United States,1971,4.29276668813051,3.29272243899894,,13.955250883956,17.9387904021977,1.0,5.35193372537237,1.0,0.0,12.27413352,8.070872381850137,,,5.005,1.7,41.66666666666667
United States,1970,5.83825533848251,0.216606498143278,,11.1850629294424,17.9618430210295,1.0,5.19517787614495,1.0,0.0,11.35748537,,,,7.564167,1.2,-7.692307692307699
United States,1969,5.46238620028745,3.09999999656958,,0.958344860230048,,1.0,,1.0,0.0,,,,,7.760833,1.3,0.0
United States,1968,4.27179615288537,4.80000000278329,,8.77904954077373,,1.0,,1.0,0.0,,,,,5.859167,1.3,0.0
United States,1967,2.77278562259309,2.49999999306594,,10.2775161470392,,1.0,,1.0,0.0,,,,,5.020833,1.3,-7.142857142857128
United States,1966,3.0150753768844,6.50000000865072,,4.71990148792604,,1.0,,1.0,0.0,,,,,5.483333,1.4,0.0
United States,1965,1.58516926383662,6.40000000107759,,8.62152107267153,,1.0,,1.0,0.0,,,,,4.344167,1.4,-6.666666666666677
United States,1964,1.27891156462591,5.8000000040378,,9.03167020355338,,1.0,,1.0,0.0,,,,,,1.5,0.0
United States,1963,1.23966942148753,4.40000000466181,,9.3171255659845,,1.0,,1.0,0.0,,,,,,1.5,0.0
United States,1962,1.19877334820186,6.100000008077,,8.93382779986005,,1.0,,1.0,0.0,,,,,,1.5,-6.25
United States,1961,1.07072414764724,2.29999999989235,,8.19460579513792,,1.0,,1.0,0.0,,,,,,1.6,0.0
United States,1960,1.45797598627791,,,,,1.0,,1.0,0.0,,,,,,1.6,
